cnpj8,issuer_name,ticker,mapping_type,confidence,note
16670085,LOCALIZA RENT A CAR S/A,RENT3,direct,high,
00864214,ENERGISA SA,ENGI11,direct,high,units; most liquid class
43776517,CIA SANEAMENTO BASICO EST. SP - SABESP,SBSP3,direct,high,
04423567,ENEVA S.A.,ENEV3,direct,high,
06047087,REDE DOR SAO LUIZ S/A,RDOR3,direct,high,
02474103,ENGIE BRASIL ENERGIA SA,EGIE3,direct,high,
07859971,TRANSMISSORA ALIANCA DE ENERGIA ELETRICA S/A,TAEE11,direct,high,units
02998611,ISA ENERGIA BRASIL S.A.,ISAE4,direct,high,ex-CTEEP TRPL4 (brapi continuous history)
21314559,MOVIDA PARTICIPACOES S/A,MOVI3,direct,high,
03467321,ENERGISA MATO GROSSO - DISTRIBUIDORA DE ENERGIA S.A.,ENMT4,direct,low,"own listing, illiquid"
03467321,ENERGISA MATO GROSSO - DISTRIBUIDORA DE ENERGIA S.A.,ENGI11,parent,high,Energisa group subsidiary
50746577,COSAN S.A.,CSAN3,direct,high,
15139629,CIA. DE ELETRIC. DO EST. DA BAHIA-COELBA,CEEB3,direct,low,"own listing, illiquid"
15139629,CIA. DE ELETRIC. DO EST. DA BAHIA-COELBA,NEOE3,parent,high,Neoenergia (Iberdrola) group; NEOE3 delisted after 2025/26 OPA -> COTAHIST
08827501,AEGEA SANEAMENTO E PARTICIPACOES S/A,,none,,Aegea: unlisted (Equipav/GIC/Itausa minority)
00001180,AXIA ENERGIA S.A.,AXIA3,direct,high,"Eletrobras, ELET3 renamed AXIA3"
10835932,COMPANHIA ENERGETICA DE PERNAMBUCO-CELPE,NEOE3,parent,high,Neoenergia (Iberdrola) group; NEOE3 delisted after 2025/26 OPA -> COTAHIST
17281106,COMPANHIA DE SANEAMENTO DE MINAS GERAIS COPASA MG,CSMG3,direct,high,
23373000,VAMOS LOCACAO DE CAMINHOES MAQUINAS E EQUIPAMENTOS S.A.,VAMO3,direct,high,
04368898,COPEL  DISTRIBUICAO S/A,CPLE3,parent,high,Copel subsidiary (CPLE6 unified into CPLE3 in 2025)
12091809,BRAVA ENERGIA S.A.,BRAV3,direct,med,Brava (Enauta+3R 2024); BRAV3 history pre-merger = 3R RRRP3
02328280,ELEKTRO REDES S.A.,EKTR4,direct,low,"own listing, illiquid"
02328280,ELEKTRO REDES S.A.,NEOE3,parent,high,Neoenergia (Iberdrola) group; NEOE3 delisted after 2025/26 OPA -> COTAHIST
01543032,EQUATORIAL GOIAS DISTRIBUIDORA DE ENERGIA S.A.,EQTL3,parent,high,Equatorial group subsidiary
09149503,SERENA GERACAO S.A.,SRNA3,parent,high,Serena (ex-Omega OMGE3); delisted 2025 -> COTAHIST
00194724,AUREN OPERACOES S.A.,AESB3,parent,med,ex-AES Brasil Operacoes; AESB3 until 2024 merger into Auren -> COTAHIST
00194724,AUREN OPERACOES S.A.,AURE3,parent,med,Auren (parent after Oct-2024 AES merger; AURE3 listed 2022)
04370282,COPEL GERACAO E TRANSMISSAO S.A.,CPLE3,parent,high,Copel subsidiary (CPLE6 unified into CPLE3 in 2025)
04992714,NOVA TRANSPORTADORA DO SUDESTE S.A.  NTS,,none,,NTS: unlisted (Brookfield/Itausa)
71208516,ALGAR TELECOM S.A.,,none,,"Algar Telecom: CVM-registered, no traded shares"
08873873,ECORODOVIAS CONCESSOES E SERVICOS S/A,ECOR3,parent,high,Ecorodovias concession
08467115,COMPANHIA ESTADUAL DE DISTRIBUICAO DE ENERGIA ELETRICA - CEEE D,EQTL3,parent,high,CEEE-D privatised to Equatorial Jul-2021
61486650,DIAGNOSTICOS DA AMERICA S/A,DASA3,direct,high,
06981180,CEMIG DISTRIBUICAO S/A,CMIG4,parent,high,Cemig subsidiary
05197443,HAPVIDA PARTICIPACOES E INVESTIMENTOS S.A.,HAPV3,direct,high,
02932074,HYPERA S/A,HYPE3,direct,high,
06057223,SENDAS  DISTRIBUIDORA S/A,ASAI3,direct,high,
02016440,RGE SUL DISTRIBUIDORA DE ENERGIA S/A,CPFE3,parent,high,CPFL Energia (State Grid) subsidiary
02846056,MOTIVA INFRAESTRUTURA DE MOBILIDADE S.A.,MOTV3,direct,high,ex-CCR CCRO3
08926302,PRIO FORTE S.A.,PRIO3,parent,high,PRIO subsidiary
01417222,MRS LOGISTICA S/A,MRSA3B,direct,low,"balcao listing, almost no trading; owners Vale/CSN/Rumo"
02635522,JALLES MACHADO S.A.,JALL3,direct,high,
02919555,ARTERIS S.A.,ARTR3,direct,low,Arteris; delisted -> COTAHIST if any
61856571,COMPANHIA DE GAS DE SAO PAULO - COMGAS,CGAS5,direct,low,"own listing, illiquid"
61856571,COMPANHIA DE GAS DE SAO PAULO - COMGAS,CSAN3,parent,med,Cosan via Compass (PASS3 only listed 2026)
15413826,ENERGISA MATO GROSSO DO SUL - DISTRIBUIDORA DE ENERGIA S.A.,ENGI11,parent,high,Energisa group subsidiary
32681371,VIX LOGISTICA S/A,,none,,Vix Logistica: unlisted (Aguia Branca)
33050196,COMPANHIA PAULISTA DE FORCA E LUZ,CPFE3,parent,high,CPFL Energia (State Grid) subsidiary
08324196,COMPANHIA ENERGETICA DO RIO GRANDE DO NORTE-COSERN,NEOE3,parent,high,Neoenergia (Iberdrola) group; NEOE3 delisted after 2025/26 OPA -> COTAHIST
02502844,RUMO MALHA PAULISTA S/A,RAIL3,parent,high,Rumo subsidiary
76484013,COMPANHIA DE SANEAMENTO  DO PARANA - SANEPAR,SAPR11,direct,high,units
31748174,VERO S.A.,,none,,Vero: unlisted
02387241,RUMO S.A.,RAIL3,direct,high,
04172213,COMPANHIA PIRATININGA DE FORCA E LUZ,CPFE3,parent,high,CPFL Energia (State Grid) subsidiary
92802784,COMPANHIA RIOGRANDENSE DE SANEAMENTO - CORSAN,,none,,"Corsan: Aegea since 2023, unlisted"
34274233,VIBRA ENERGIA S.A,VBBR3,direct,high,
16404287,SUZANO S.A.,SUZB3,direct,high,
01616929,SANEAMENTO DE GOIAS S/A,,none,,"Saneago: state-owned, unlisted"
02286479,LOCALIZA FLEET S/A,RENT3,parent,high,Localiza group
12648327,HIDROVIAS DO BRASIL S.A.,HBSA3,direct,high,IPO Sep-2020
60894730,USINAS SIDERURGICAS DE MG S/A - USIMINAS,USIM5,direct,high,
33958695,UNIPAR CARBOCLORO S/A,UNIP6,direct,high,
00389481,LM TRANSPORTES INTERESTADUAIS SERVICOS E COMERCIO S.A.,,none,,LM Transportes: unlisted
07415333,SIMPAR S.A.,SIMH3,direct,high,
60840055,FLEURY S/A,FLRY3,direct,high,
42276907,VLI MULTIMODAL S.A.,,none,,VLI: unlisted (Vale/Brookfield/Mitsui)
33042730,COMPANHIA SIDERURGICA NACIONAL,CSNA3,direct,high,
09095183,ENERGISA PARAIBA - DISTRIBUIDORA DE ENERGIA S/A,ENGI11,parent,high,Energisa group subsidiary
04739720,USINA TERMELETRICA PAMPA SUL S.A.,EGIE3,parent,high,Engie Brasil plant (Pampa Sul)
07040108,COMPANHIA DE AGUA E ESGOTO DO CEARA - CAGECE,,none,,Cagece: state-owned
33000167,PETROLEO BRASILEIRO S/A - PETROBRAS,PETR4,direct,high,
28201130,ENERGISA TRANSMISSAO DE ENERGIA S.A.,ENGI11,parent,high,Energisa group subsidiary
61156113,IOCHPE-MAXION S/A,MYPK3,direct,high,
19699063,MATA DE SANTA GENEBRA TRANSMISSAO S/A,CPLE3,parent,low,Copel 50.1% JV with Furnas
02302100,EDP SAO PAULO DISTRIBUICAO DE ENERGIA S/A,ENBR3,parent,med,"EDP Energias do Brasil; ENBR3 delisted Aug-2023 (EDP OPA) -> COTAHIST, no parent quote after"
33592510,VALE S/A,VALE3,direct,high,
07594978,SMARTFIT ESCOLA DE GINASTICA E DANCA S/A,SMFT3,direct,high,IPO Jul-2021
07047251,COMPANHIA ENERGETICA DO CEARA-COELCE,COCE5,direct,low,"own listing, illiquid; parent Enel unlisted in BR"
51218147,IGUATEMI EMPRESA DE SHOPPING CENTERS S.A,IGTI11,parent,high,Iguatemi S.A. holding (IGTA3 pre-2021)
75609123,UNIDAS LOCACOES E SERVICOS S/A,LCAM3,direct,med,Unidas/Locamerica; merged into Localiza Jul-2022 -> COTAHIST
75609123,UNIDAS LOCACOES E SERVICOS S/A,RENT3,parent,med,Localiza after Jul-2022 merger
10647979,CONCESSIONARIA ROTA DAS BANDEIRAS S/A,,none,,Rota das Bandeiras: unlisted (Odebrecht Transport)
89086144,RANDONCORP S.A.,RAPT4,direct,high,
92715812,CPFL TRANSMISSAO S.A.,CPFE3,parent,high,CPFL Energia (State Grid) subsidiary
61695227,ELETROPAULO METROPOL. ELETR. DE S.P. S/A,,none,,"Enel SP (ex-Eletropaulo): Enel, not listed in BR"
24743678,ECHOENERGIA PARTICIPACOES S/A,EQTL3,parent,med,Echoenergia acquired by Equatorial 2022
00242184,ARMAC LOCACAO LOGISTICA E SERVICOS S.A.,ARML3,direct,high,IPO Jun-2021
09346601,B3 S.A. - BRASIL BOLSA BALCAO,B3SA3,direct,high,
08336783,CELESC DISTRIBUICAO S.A.,CLSC4,parent,high,Celesc subsidiary
61532644,ITAUSA S/A,ITSA4,direct,high,
24396489,BRK AMBIENTAL PARTICIPACOES S/A,,none,,BRK Ambiental: unlisted (Brookfield)
02451848,CONCESSIONARIA DO SISTEMA ANHANGUERA-BANDEIRANTES S/A,MOTV3,parent,high,"Motiva (ex-CCR, CCRO3) concession"
03279285,ORIZON MEIO AMBIENTE S.A.,ORVR3,parent,high,Orizon Valorizacao subsidiary
02800026,COGNA EDUCACAO S.A,COGN3,direct,high,
33541368,COMPANHIA HIDRO ELETRICA DO SAO FRANCISCO - CHESF,AXIA3,parent,high,Eletrobras/AXIA subsidiary (ELET3 renamed AXIA3)
08402943,GUARARAPES CONFECCOES S.A..,RIAA3,direct,high,Guararapes GUAR3 renamed Riachuelo RIAA3
03220438,EQUATORIAL ENERGIA S.A.,EQTL3,direct,high,
04601397,BRISANET SERVICOS DE TELECOMUNICACOES S.A.,BRST3,direct,high,IPO Jul-2021
02016507,AXIA ENERGIA SUL S.A.,AXIA3,parent,high,Eletrobras/AXIA subsidiary (ELET3 renamed AXIA3)
12009135,ALIANCA GERACAO DE ENERGIA S/A,,none,,"Alianca Geracao: Vale/Cemig JV, no clear single parent"
05965546,COMPANHIA DE ELETRICIDADE DO AMAPA - CEA,EQTL3,parent,high,CEA acquired by Equatorial 2021
42310775,AGUAS DO RIO 1 SPE S.A,,none,,"Aguas do Rio 1: Aegea, unlisted"
82508433,COMPANHIA CATARINENSE DE AGUAS E SANEAMENTO - CASAN,,none,,Casan: state-owned
04895728,EQUATORIAL PARA DISTRIBUIDORA DE ENERGIA S.A.,EQPA3,direct,low,"own listing, illiquid"
04895728,EQUATORIAL PARA DISTRIBUIDORA DE ENERGIA S.A.,EQTL3,parent,high,Equatorial group subsidiary
42644220,AGUAS DO RIO 4 SPE S.A,,none,,"Aguas do Rio 4: Aegea, unlisted"
64904295,CAMIL ALIMENTOS S/A,CAML3,direct,high,
09114805,OCEANPACT SERVICOS MARITIMOS S.A.,OPCT3,direct,high,IPO Feb-2021
45242914,C E A MODAS S.A.,CEAB3,direct,high,
07816890,MULTIPLAN EMPREENDIMENTOS IMOBILIARIOS S/A,MULT3,direct,high,
07282377,ENERGISA SUL-SUDESTE - DISTRIBUIDORA DE ENERGIA SA,ENGI11,parent,high,Energisa group subsidiary
00357038,CENTRAIS ELETRICAS DO NORTE DO BRASIL S/A - ELETRONORTE,AXIA3,parent,high,Eletrobras/AXIA subsidiary (ELET3 renamed AXIA3)
60444437,LIGHT SERVICOS DE ELETRICIDADE S/A,LIGT3,parent,high,Light S.A. subsidiary
35764708,BRASIL TECNOLOGIA E PARTICIPACAO S.A.,,none,,unlisted
40432544,CLARO S/A,,none,,"Claro: America Movil, not listed in BR"
03025305,RODOVIAS DAS COLINAS S.A,,none,,unlisted
06248349,TRANSPORTADORA ASSOCIADA DE GAS S.A. - TAG,,none,,"TAG: Engie SA/CDPQ, not EGIE3"
25369840,COMERC ENERGIA S.A.,VBBR3,parent,med,"Comerc controlled by Vibra (50% 2023, control 2025)"
08170849,DESKTOP S/A,DESK3,direct,high,
27157474,AGUAS DE TERESINA SANEAMENTO  SPE  S.A.,,none,,Aguas de Teresina: Aegea
10531501,CONCESSIONARIA AUTO RAPOSO TAVARES S/A,,none,,unlisted
27093558,MILLS LOCACAO SERVICOS E LOGISTICA SA,MILS3,direct,high,
61190096,EUROFARMA LABORATORIOS S.A,,none,,Eurofarma: unlisted
08294224,JHSF PARTICIPACOES S/A,JHSF3,direct,high,
25086034,ENERGISA TOCANTINS DISTRIBUIDORA DE ENERGIA S/A,ENGI11,parent,high,Energisa group subsidiary
06981176,CEMIG GERACAO E TRANSMISSAO S/A,CMIG4,parent,high,Cemig subsidiary
06272793,EQUATORIAL MARANHAO DISTRIBUIDORA DE ENERGIA S.A,EQMA3B,direct,low,"own listing, illiquid"
06272793,EQUATORIAL MARANHAO DISTRIBUIDORA DE ENERGIA S.A,EQTL3,parent,high,Equatorial group subsidiary
13642699,AGRO INDUSTRIAS DO VALE DO SAO FRANCISCO SA - AGROVALE,,none,,unlisted
21389501,COMPASS GAS E ENERGIA S.A,PASS3,direct,med,listed only May-2026
21389501,COMPASS GAS E ENERGIA S.A,CSAN3,parent,high,Cosan subsidiary
42150391,BRASKEM S/A,BRKM5,direct,high,
08343492,MRV ENGENHARIA E PARTICIPACOES S.A.,MRVE3,direct,high,
06347409,SBF COMERCIO DE PRODUTOS ESPORTIVOS S.A.,SBFG3,direct,high,Grupo SBF
60855574,ACUCAREIRA QUATA S/A,,none,,unlisted
09313969,AUTOPISTA LITORAL SUL S/A.,ARTR3,parent,low,Arteris concession; ARTR3 delisted (Brookfield/Abertis) -> COTAHIST if any
12647827,RDA IMPORTACAO EXPORTACAO E SERVICOS S.A.,,none,,unlisted
03342704,PETRORECONCAVO S.A.,RECV3,direct,high,
08902291,CSN MINERACAO S.A.,CMIN3,direct,high,IPO Feb-2021
02762121,SANTOS BRASIL PARTICIPACOES S/A,STBP3,direct,high,Santos Brasil; delisted 2025 (CMA CGM) -> COTAHIST
25176391,ENEL GREEN POWER VOLTA GRANDE S.A,,none,,"Enel, not listed in BR"
03207703,CONCESSIONARIA DE RODOVIAS DO INTERIOR PAULISTA S/A,ARTR3,parent,low,Arteris concession; ARTR3 delisted (Brookfield/Abertis) -> COTAHIST if any
03497792,RODOVIAS INTEGRADAS DO OESTE S/A,MOTV3,parent,high,"Motiva (ex-CCR, CCRO3) concession"
06626253,EMPREENDIMENTOS PAGUE MENOS S/A,PGMN3,direct,high,IPO Sep-2020
25005683,VERT COMPANHIA  SECURITIZADORA,,none,,"reviewed: SPE/private, no clear listed parent"
40263170,SOLVI ESSENCIS AMBIENTAL S.A.,,none,,unlisted (Solvi)
23438929,ALARES INTERNET PARTICIPACOES S/A,,none,,Alares: unlisted
38042694,TRAVESSIA SECURITIZADORA DE CREDITOS FINANCEIROS S.A,,none,,"reviewed: SPE/private, no clear listed parent"
71673990,NATURA COSMETICOS S/A,NATU3,direct,med,Natura; brapi NATU3 continuous with NTCO3 (holding) pre-2024
15440708,CONCESSIONARIA VIARIO S.A.,MOTV3,parent,med,"ViaRio, CCR/Motiva majority"
04416935,EMPRESA AMAZONENSE DE TRANSMISSAO DE ENERGIA S.A.,ALUP11,parent,med,Alupar-controlled transmission
12648266,AMBIPAR PARTICIPACOES E EMPREENDIMENTOS S/A,AMBP3,direct,high,IPO Jul-2020
28152650,EDP ESPIRITO SANTO DISTRIBUICAO DE ENERGIA SA,ENBR3,parent,med,"EDP Energias do Brasil; ENBR3 delisted Aug-2023 (EDP OPA) -> COTAHIST, no parent quote after"
02509491,CONCESSIONARIA ECOVIAS DOS IMIGRANTES S.A.,ECOR3,parent,high,Ecorodovias concession
04089570,AGUAS GUARIROBA  S/A,,none,,Aegea group
16676520,HOSPITAL MATER DEI S.A.,MATD3,direct,high,IPO Apr-2021
51466860,SAO MARTINHO S/A,SMTO3,direct,high,
10841050,CONCESSIONARIA DAS RODOVIAS AYRTON SENNA E CARVALHO PINTO S/A - ECOPISTAS,ECOR3,parent,high,Ecorodovias concession
08807432,YDUQS PARTICIPACOES S.A,YDUQ3,direct,high,
32021201,ORIGEM ENERGIA S.A.,,none,,unlisted
02773542,OPEA SECURITIZADORA S/A,,none,,"reviewed: SPE/private, no clear listed parent"
05914650,ENERGISA RONDONIA - DISTRIBUIDORA DE ENERGIA S/A,ENGI11,parent,high,Energisa group subsidiary
13017462,ENERGISA SERGIPE - DISTRIBUIDORA DE ENERGIA S/A,ENGI11,parent,high,Energisa group subsidiary
01083200,NEOENERGIA S/A,NEOE3,direct,high,delisted after OPA -> COTAHIST
23096269,RIO PARANA ENERGIA S/A,,none,,"CTG Brasil, unlisted"
50376938,USINA SANTA ADELIA S.A.,,none,,unlisted
05878397,ALLOS S.A.,ALOS3,direct,high,Allos (ex-Aliansce Sonae ALSO3)
10319900,REGENERA RIO S.A,,none,,"reviewed: SPE/private, no clear listed parent"
07522669,NEOENERGIA DISTRIBUICAO BRASILIA S.A,NEOE3,parent,high,Neoenergia (Iberdrola) group; NEOE3 delisted after 2025/26 OPA -> COTAHIST
61585865,RAIA DROGASIL S/A,RADL3,direct,high,
42353180,IGUA RIO DE JANEIRO S.A.,,none,,"Igua, unlisted"
26664057,ENTREVIAS CONCESSIONARIA DE RODOVIAS S.A,,none,,unlisted (Patria)
03853896,MARFRIG GLOBAL FOODS S.A.,MBRF3,direct,high,Marfrig MRFG3 renamed MBRF3 after BRF merger 2025
09288252,ANIMA HOLDING S/A,ANIM3,direct,high,
06220197,COMPANHIA AGUAS DE ITAPEMA,,none,,unlisted
60933603,CESP - COMPANHIA ENERGETICA DE SAO PAULO,CESP6,direct,med,CESP; merged into Auren 2022 -> COTAHIST
60933603,CESP - COMPANHIA ENERGETICA DE SAO PAULO,AURE3,parent,med,Auren after 2022 reorganisation
12420164,CM HOSPITALAR S.A.,VVEO3,direct,high,IPO Jan-2021
19527639,ENERGISA MINAS RIO - DISTRIBUIDORA DE ENERGIA S.A.,ENGI11,parent,high,Energisa group subsidiary
02041460,V.TAL - REDE NEUTRA DE TELECOMUNICACOES S.A.,,none,,"V.tal, unlisted"
01027058,CIELO S.A - INSTITUICAO DE PAGAMENTO,CIEL3,direct,high,Cielo; delisted 2024 -> COTAHIST
84684455,TIGRE S.A PARTICIPACOES,,none,,unlisted
11992680,QUALICORP CONSULTORIA E CORRETORA DE SEGUROS S.A.,QUAL3,direct,high,
01637895,VOTORANTIM CIMENTOS S/A,,none,,"Votorantim, unlisted"
27902165,HIGHLINE DO BRASIL II INFRAESTRUTURA DE TELECOMUNICACOES S.A,,none,,"reviewed: SPE/private, no clear listed parent"
07714104,GIGA MAIS FIBRA TELECOMUNICACOES S.A.,,none,,"reviewed: SPE/private, no clear listed parent"
17314329,INTERNATIONAL MEAL COMPANY ALIMENTACAO S/A,MEAL3,direct,high,
12272084,EQUATORIAL ALAGOAS DISTRIBUIDORA DE ENERGIA S.A.,EQTL3,parent,high,Equatorial group subsidiary
44330975,COLOMBO AGROINDUSTRIA SA,,none,,unlisted
28594234,AUREN ENERGIA S.A.,AURE3,direct,high,listed Mar-2022
13574594,ZAMP S.A.,ZAMP3,direct,high,Zamp (ex-BK Brasil BKBR3); delisted 2024 -> COTAHIST
47508411,COMPANHIA BRASILEIRA DE DISTRIBUICAO,PCAR3,direct,high,
84683374,TUPY S/A,TUPY3,direct,high,
02558157,TELEFONICA BRASIL S/A,VIVT3,direct,high,
22261473,COMPANHIA DE GAS DE MINAS GERAIS GASMIG,CMIG4,parent,med,"Gasmig, Cemig 99%"
01317277,ITAPOA TERMINAIS PORTUARIOS S.A.,,none,,unlisted
33376989,IRB BRASIL RESSEGUROS S/A,IRBR3,direct,high,reverse split 2023
33113309,VALID SOLUCOES S/A,VLID3,direct,high,
09584854,MANAUS TRANSMISSORA DE ENERGIA S/A,,none,,"JV, no clear parent"
15286382,MATRINCHA TRANSMISSORA DE ENERGIA TP NORTE S/A,,none,,"JV, no clear parent"
42165941,POTENGI HOLDINGS S.A.,,none,,"reviewed: SPE/private, no clear listed parent"
02255187,UNIFIQUE TELECOMUNICACOES S.A.,FIQE3,direct,high,IPO Jul-2021
34395916,V2I ENERGIA S.A.,,none,,"reviewed: SPE/private, no clear listed parent"
09325109,AUTOPISTA PLANALTO SUL S/A,ARTR3,parent,low,Arteris concession; ARTR3 delisted (Brookfield/Abertis) -> COTAHIST if any
08364948,ALUPAR INVESTIMENTO S/A,ALUP11,direct,high,units
04626426,BTG PACTUAL COMMODITIES SERTRADING SA,BPAC11,parent,med,BTG Pactual group
08213823,AURA ALMAS MINERACAO S.A.,,none,,Aura Minerals (TSX/BDR)
04973790,CPFL COMERCIALIZACAO BRASIL S/A,CPFE3,parent,high,CPFL Energia (State Grid) subsidiary
15578569,CONCESSIONARIA DO AEROPORTO INTERNACIONAL DE GUARULHOS S.A.,,none,,"GRU Airport, Invepar (unlisted)"
20223016,BELO MONTE TRANSMISSORA DE ENERGIA SPE S.A.,,none,,"State Grid, unlisted"
10979076,CUTIA EMPREENDIMENTOS EOLICOS S.A.,CPLE3,parent,med,Copel wind complex (Cutia)
41508382,RODOVIAS DO BRASIL HOLDING S.A.,,none,,"reviewed: SPE/private, no clear listed parent"
18494537,EMPRESA DE ENERGIA SAO MANOEL S.A.,,none,,JV
24274124,ASSURUA 2 ENERGIA S.A.,,none,,"reviewed: SPE/private, no clear listed parent"
47080619,TEREOS ACUCAR E ENERGIA BRASIL S.A.,,none,,"Tereos, unlisted"
43514079,CLI SUL S/A,,none,,"reviewed: SPE/private, no clear listed parent"
19527586,COMPANHIA ENERGETICA SINOP S.A,,none,,JV
14797436,DELTA 3 ENERGIA S.A,SRNA3,parent,med,Omega/Serena asset (Delta 3); delisted 2025 -> COTAHIST
08070508,RAIZEN ENERGIA S/A,RAIZ4,parent,high,Raizen S.A. listed Aug-2021
43545284,ALCOESTE BIOENERGIA FERNANDOPOLIS S A,,none,,"reviewed: SPE/private, no clear listed parent"
08811643,TRISUL S/A,TRIS3,direct,high,
07802794,ESSENTIA PCHS S.A,,none,,"reviewed: SPE/private, no clear listed parent"
09336431,AUTOPISTA REGIS BITTENCOURT S/A,ARTR3,parent,low,Arteris concession; ARTR3 delisted (Brookfield/Abertis) -> COTAHIST if any
21728083,TRANSMISSORA JOSE MARIA DE MACEDO ELETRICIDADE S.A.,,none,,"reviewed: SPE/private, no clear listed parent"
01115535,TESC - TERMINAL SANTA CATARINA S/A,,none,,"reviewed: SPE/private, no clear listed parent"
01691945,PARANAGUA SANEAMENTO S/A,,none,,"Igua, unlisted"
02639850,TVV TERMINAL DE VILA VELHA S.A.,LOGN3,parent,med,Log-In terminal (TVV)
08397078,GSH CORP PARTICIPACOES S.A.,,none,,"reviewed: SPE/private, no clear listed parent"
04705039,HORIZON TRANSMISSAO ES S.A.,,none,,"reviewed: SPE/private, no clear listed parent"
18903785,HOLDING DO ARAGUAIA S.A.,,none,,"reviewed: SPE/private, no clear listed parent"
52548435,JSL S.A,JSLG3,direct,high,
09041168,LOG COMMERCIAL PROPERTIES E PARTICIPACOES S/A,LOGG3,direct,high,
42278473,WIZ SOLUCOES E CORRETAGEM DE SEGUROS S.A.,WIZC3,direct,high,
60665981,UNIAO QUIMICA FARMACEUTICA NACIONAL S.A.,,none,,"reviewed: SPE/private, no clear listed parent"
15286437,GUARACIABA TRANSMISSORA DE ENERGIA TP SUL SA,,none,,"JV, no clear parent"
02600854,TIM BRASIL SERVICOS E PARTICIPACOES S.A,TIMS3,parent,med,TIM Brasil holding of TIM S.A.
17875396,VENTOS DE SAO JORGE HOLDING S.A.,,none,,"reviewed: SPE/private, no clear listed parent"
20829557,COMPLEXO MORRINHOS ENERGIAS RENOVAVEIS S.A.,,none,,"reviewed: SPE/private, no clear listed parent"
41644220,DB3 SERVICOS DE TELECOMUNICACOES S.A,,none,,"reviewed: SPE/private, no clear listed parent"
06977745,BR MALLS PARTICIPACOES S/A,BRML3,direct,med,BR Malls; merged into Allos 2023 -> COTAHIST
06977745,BR MALLS PARTICIPACOES S/A,ALOS3,parent,med,Allos after 2023 merger
10324624,CONCESSAO METROVIARIA DO RIO DE JANEIRO S/A,MOTV3,parent,high,"Motiva (ex-CCR, CCRO3) concession"
33611500,GERDAU S/A,GGBR4,direct,high,
12300288,NORTE ENERGIA S/A,,none,,Norte Energia JV
08159965,IGUA SANEAMENTO S.A,,none,,"Igua, unlisted"
26845460,VALE DO SERTAO TRANSMISSORA DE ENERGIA S.A.,EQTL3,parent,med,Equatorial Transmissao SPE
32431519,HELIO VALGAS SOLAR PARTICIPACOES S.A.,,none,,"reviewed: SPE/private, no clear listed parent"
15385166,EQUIPAV SANEAMENTO S.A.,,none,,Aegea group
16614075,DIRECIONAL ENGENHARIA S/A,DIRR3,direct,high,
12104241,ONCOCLINICAS DO BRASIL SERVICOS MEDICOS  S.A.,ONCO3,direct,high,IPO Aug-2021
13799190,CONCESSIONARIA ROTA DO ATLANTICO S.A.,,none,,"reviewed: SPE/private, no clear listed parent"
23274194,FURNAS CENTRAIS ELETRICAS S/A,AXIA3,parent,high,Eletrobras/AXIA subsidiary (ELET3 renamed AXIA3)
02013199,CONCESSIONARIA AGUAS DE JUTURNAIBA S/A,,none,,"reviewed: SPE/private, no clear listed parent"
44067725,VIA BRASIL BR 163 CONCESSIONARIA DE RODOVIAS S.A.,,none,,"reviewed: SPE/private, no clear listed parent"
36030967,ENGIE SOLUCOES CIDADES INTELIGENTES E INFRAESTRUTURA DE UBERLANDIA S.A,EGIE3,parent,low,Engie-branded SPE (city lighting)
06147451,CALAMO DISTRIBUIDORA DE PRODUTOS DE BELEZA S.A.,,none,,"reviewed: SPE/private, no clear listed parent"
12229415,S/A USINA CORURIPE ACUCAR E ALCOOL,,none,,"reviewed: SPE/private, no clear listed parent"
35714529,TUCANO HOLDING III S.A,,none,,"reviewed: SPE/private, no clear listed parent"
17553029,PARANAIBA TRANSMISSORA DE ENERGIA S.A.,,none,,"reviewed: SPE/private, no clear listed parent"
53113791,TOTVS SA,TOTS3,direct,high,
42596330,RDVE SUBHOLDING S.A.,,none,,"reviewed: SPE/private, no clear listed parent"
36619747,FIBRASIL INFRAESTRUTURA E FIBRA OTICA S.A.,,none,,"reviewed: SPE/private, no clear listed parent"
62070362,COMPANHIA DO METROPOLITANO DE SAO PAULO - METRO,,none,,"reviewed: SPE/private, no clear listed parent"
12528708,AERIS INDUSTRIA E COMERCIO DE EQUIPAMENTOS PARA GERACAO DE ENERGIA S.A.,AERI3,direct,high,
35865649,VENTOS DE SAO LUCIO I ENERGIAS RENOVAVEIS S.A.,,none,,"reviewed: SPE/private, no clear listed parent"
67620377,MINERVA S/A,BEEF3,direct,high,
27352303,UHE SAO SIMAO ENERGIA S/A,,none,,"reviewed: SPE/private, no clear listed parent"
35522178,COMPANHIA SECURITIZADORA DE CREDITOS FINANCEIROS CARTOES CONSIGNADOS II,,none,,"reviewed: SPE/private, no clear listed parent"
47960950,MAGAZINE LUIZA S/A,MGLU3,direct,high,
13504675,EMPRESA BAIANA DE AGUAS E SANEAMENTO SA,,none,,"reviewed: SPE/private, no clear listed parent"
05336882,CACHOEIRA PAULISTA TRANSMISSORA DE ENERGIA S.A.,,none,,"reviewed: SPE/private, no clear listed parent"
04986320,SER EDUCACIONAL S/A,SEER3,direct,high,
23318135,COPACABANA GERACAO DE ENERGIA E PARTICIPACOES S.A.,,none,,"reviewed: SPE/private, no clear listed parent"
02382073,PROLAGOS S/A - CONCESSIONARIA DE SERVICOS PUBLICOS DE AGUA E ESGOTO,,none,,Aegea group
20514555,ARGO VI TRANSMISSAO DE ENERGIA S.A,,none,,"reviewed: SPE/private, no clear listed parent"
71476527,CONSTRUTORA TENDA S/A,TEND3,direct,high,
07779299,EDP TRANSMISSAO GOIAS S.A.,ENBR3,parent,low,EDP transmission SPE
61079117,ALPARGATAS S.A.,ALPA4,direct,high,
09326342,AUTOPISTA FERNAO DIAS S/A,ARTR3,parent,low,Arteris concession; ARTR3 delisted (Brookfield/Abertis) -> COTAHIST if any
35865638,VENTOS DE SAO JOAO XXIII ENERGIAS RENOVAVEIS S.A.,,none,,"reviewed: SPE/private, no clear listed parent"
44854238,PARSAN S.A.,,none,,"reviewed: SPE/private, no clear listed parent"
45024644,CAJUINA AB1 HOLDINGS S.A,,none,,"reviewed: SPE/private, no clear listed parent"
16603346,VENTOS DE SANTO ESTEVAO HOLDING S/A,,none,,"reviewed: SPE/private, no clear listed parent"
06840748,EQUATORIAL PIAUI DISTRIBUIDORA DE ENERGIA S.A.,EQTL3,parent,high,Equatorial group subsidiary
09074183,TRANSBRASILIANA CONCESSIONARIA DE RODOVIA S.A,,none,,"reviewed: SPE/private, no clear listed parent"
15114494,CORREDOR LOGISTICA E INFRAESTRUTURA S.A,,none,,"reviewed: SPE/private, no clear listed parent"
09146451,KALLAS INCORPORACOES E CONSTRUCOES S.A.,,none,,"reviewed: SPE/private, no clear listed parent"
48344725,ALTHAIA S.A. INDUSTRIA FARMACEUTICA,,none,,"reviewed: SPE/private, no clear listed parent"
06267630,COMPANHIA BRASILEIRA DE EDUCACAO E SISTEMAS DE ENSINO S.A.,,none,,"reviewed: SPE/private, no clear listed parent"
05917486,LIVETECH DA BAHIA INDUSTRIA E COMERCIO S/A,,none,,"reviewed: SPE/private, no clear listed parent"
12979552,SKINSTORE S.A.,,none,,"reviewed: SPE/private, no clear listed parent"
26617923,JANAUBA TRANSMISSORA DE ENERGIA ELETRICA S.A.,TAEE11,parent,med,Taesa transmission SPE
17233151,AGEO LESTE TERMINAIS E ARMAZENS GERAIS S.A.,,none,,"reviewed: SPE/private, no clear listed parent"
37070559,IP SUL CONCESSIONARIA DE ILUMINACAO PUBLICA S.A.,,none,,"reviewed: SPE/private, no clear listed parent"
14292540,BRAZIL TOWER CESSAO DE INFRA-ESTRUTURAS S.A.,,none,,"reviewed: SPE/private, no clear listed parent"
02421421,TIM S.A.,TIMS3,direct,high,
05104205,CONFLUENCIA ENERGIA S/A,,none,,"reviewed: SPE/private, no clear listed parent"
20512706,VITRU BRASIL EMPREENDIMENTOS PARTICIPACOES E COMERCIO SA,VTRU3,direct,med,B3 listing since 2024 (was Nasdaq)
37606330,APOLLO 17 PARTICIPACOES S.A,,none,,"reviewed: SPE/private, no clear listed parent"
27831352,EDP TRANSMISSAO ALIANCA SC S.A.,ENBR3,parent,low,EDP transmission SPE
02998301,RIO PARANAPANEMA ENERGIA S/A,GEPA4,direct,low,"own listing, illiquid (CTG Brasil)"
49314049,CONCESSIONARIA DE RODOVIAS NOROESTE PAULISTA S.A.,ECOR3,parent,med,EcoNoroeste
35593905,CONCESSIONARIA ECOVIAS DO CERRADO S.A.,ECOR3,parent,high,Ecorodovias concession
04591168,FOZ  DO CHAPECO ENERGIA S.A.,CPFE3,parent,low,"Foz do Chapeco, CPFL 51%"
09257877,FERROVIA NORTE SUL S/A,,none,,VLI group
03264927,MANAUS AMBIENTAL S.A.,,none,,Aegea group
39881421,COMPANHIA ESTADUAL DE GERACAO DE ENERGIA ELETRICA - CEEE-G,CSNA3,parent,med,CEEE-G acquired by CSN 2022
60537263,ALLPARK EMPREENDIMENTOS PARTICIPACOES E SERVICOS S/A,ALPK3,direct,high,
16838421,XP INVESTIMENTOS  S.A.,,none,,XP Inc. Nasdaq (BDR not in brapi)
19208022,ECO050 - CONCESSIONARIA DE RODOVIAS S.A,ECOR3,parent,high,Ecorodovias concession
02511048,EMPRESA CONCESSIONARIA DE RODOVIAS DO SUL S.A.  ECOSUL,ECOR3,parent,high,Ecorodovias concession
07823262,FOZ DO RIO CLARO ENERGIA S.A.,ALUP11,parent,med,Alupar hydro (Foz do Rio Claro)
81243735,POSITIVO TECNOLOGIA S.A,POSI3,direct,high,
27665207,BRASILPREV SEGUROS E PREVIDENCIA S/A,BBSE3,parent,med,"Brasilprev, BB Seguridade"
05321987,EMPRESA NORTE DE TRANSMISSAO DE ENERGIA S.A,ALUP11,parent,low,Alupar transmission (ENTE)
20626892,EMPRESA LITORANEA DE TRANSMISSAO DE ENERGIA S.A. - ELTE,ALUP11,parent,low,Alupar transmission (ELTE)
83475913,PBG S/A,PTBL3,direct,high,
75315333,ATACADAO S.A.,CRFB3,direct,high,Carrefour Brasil/Atacadao; delisted 2025 -> COTAHIST
07682638,CONCESSIONARIA DA LINHA 4 DO METRO DE SAO PAULO S/A,MOTV3,parent,high,"Motiva (ex-CCR, CCRO3) concession"
09387725,CONCESSIONARIA DO RODOANEL OESTE S/A,MOTV3,parent,high,"Motiva (ex-CCR, CCRO3) concession"
42288184,CONCESSIONARIA DAS LINHAS 8 E 9 DO SISTEMA DE TRENS METROPOLITANOS DE SAO PAULO S.A.,MOTV3,parent,med,"ViaMobilidade 8/9, Motiva majority"
92754738,LOJAS RENNER S/A,LREN3,direct,high,
13270520,KORA SAUDE PARTICIPACOES S.A.,KRSA3,direct,high,Kora Saude; delisted -> COTAHIST
35822503,INSPIRALI EDUCACAO S/A,ANIM3,parent,med,"Inspirali, Anima medical unit"
73178600,CYRELA BRAZIL REALTY S/A EMPREENDIMENTOS E PARTICIPACOES,CYRE3,direct,high,
14578002,PARNAIBA II GERACAO DE ENERGIA SA,ENEV3,parent,high,Eneva Parnaiba complex
01838723,BRF S/A,BRFS3,direct,high,BRF; merged into MBRF 2025 -> COTAHIST
01838723,BRF S/A,MBRF3,parent,med,MBRF after 2025 merger
94813102,TRES TENTOS AGROINDUSTRIAL S.A,TTEN3,direct,high,IPO Jul-2021
26845497,BURITIRAMA TRANSMISSORA DE ENERGIA S.A.,EQTL3,parent,med,Equatorial Transmissao SPE
30265100,ECO135   CONCESSIONARIA  DE RODOVIAS S.A.,ECOR3,parent,high,Ecorodovias concession
41934221,CS BRASIL HOLDING E LOCACAO S.A.,SIMH3,parent,med,"CS Brasil, Simpar group"
42385499,SERENA DESENVOLVIMENTO S.A,SRNA3,parent,med,Serena group; delisted 2025 -> COTAHIST
04426411,ENERPEIXE S.A.,ENBR3,parent,low,"Enerpeixe, EDP 60%"
33041260,GRUPO CASAS BAHIA S.A,BHIA3,direct,high,ex-Via VIIA3
28438834,NEOENERGIA MORRO DO CHAPEU TRANSMISSAO E ENERGIA S.A.,NEOE3,parent,high,Neoenergia (Iberdrola) group; NEOE3 delisted after 2025/26 OPA -> COTAHIST
10923227,BTG PACTUAL HOLDING S.A.,BPAC11,parent,high,BTG Pactual controlling holding
89637490,KLABIN S/A,KLBN11,direct,high,units
08312229,EZ TEC EMPREENDIMENTOS E PARTICIPACOES S/A,EZTC3,direct,high,
09391823,SANTO ANTONIO ENERGIA S.A.,,none,,Santo Antonio JV
92791243,IRANI PAPEL E EMBALAGEM S.A.,RANI3,direct,high,
08797760,CURY CONSTRUTORA E INCORPORADORA S/A,CURY3,direct,high,IPO Sep-2020
58607200,CONCESSIONARIA ECOVIAS RAPOSO-CASTELO S.A,ECOR3,parent,high,Ecorodovias concession
28942127,COMPANHIA ENERGETICA MIRANDA,EGIE3,parent,med,"Miranda HPP, Engie since 2017 auction"
28925264,COMPANHIA ENERGETICA JAGUARA..,EGIE3,parent,med,"Jaguara HPP, Engie since 2017 auction"
18593815,PRINER SERVICOS INDUSTRIAIS S.A.,PRNR3,direct,high,IPO Aug-2021
42278291,LOG-IN LOGISTICA INTERMODAL S.A.,LOGN3,direct,med,illiquid; OPA by MSC 2021-22
00776574,AMERICANAS S.A. - EM RECUPERACAO JUDICIAL,AMER3,direct,high,judicial recovery 2023; reverse split
42771949,ALLIANCA SAUDE E PARTICIPACOES S.A.,AALR3,direct,med,
04065791,SINQIA S.A.,,none,,"Sinqia (delisted 2023, not fetched)"
62984091,CRUZEIRO DO SUL EDUCACIONAL S.A.,CSED3,direct,high,IPO Feb-2021
29884545,ECORIOMINAS CONCESSIONARIA DE RODOVIAS S.A.,ECOR3,parent,high,Ecorodovias concession
33453598,RAIZEN S.A.,RAIZ4,direct,high,IPO Aug-2021
61602199,COMPANHIA ULTRAGAZ S A,UGPA3,parent,high,"Ultragaz, Ultrapar"
33337122,IPIRANGA  PRODUTOS DE PETROLEO S.A.,UGPA3,parent,high,"Ipiranga, Ultrapar"
00535681,COMPANHIA PARANAENSE DE GAS COMPAGAS,CSAN3,parent,low,"Compagas, Compass (Cosan) 51% since 2022"
16590234,AZZAS 2154 S.A.,AZZA3,direct,high,ex-Arezzo ARZZ3
23399329,AFYA PARTICIPACOES S.A.,,none,,"Afya, Nasdaq"
26659061,MPM CORPOREOS S.A.,ESPA3,direct,med,
03983431,EDP ENERGIAS DO BRASIL S.A.,ENBR3,direct,high,EDP Brasil; delisted Aug-2023 -> COTAHIST
37663076,AUREN PARTICIPACOES S.A.,AURE3,parent,high,Auren holding
61088894,CAMBUCI S/A,CAMB3,direct,med,
08439659,CPFL ENERGIAS RENOVAVEIS S.A,CPFE3,parent,high,CPFL Energia (State Grid) subsidiary
10285590,GRUPO DE MODA SOMA S.A.,SOMA3,direct,high,Grupo Soma; merged into Azzas 2024 -> COTAHIST
10285590,GRUPO DE MODA SOMA S.A.,AZZA3,parent,med,Azzas after 2024 merger
03307926,BRADO LOGISTICA S. A.,RAIL3,parent,med,"Brado, Rumo"
00924429,FERROVIA CENTRO ATLANTICA S/A,,none,,VLI group
88610126,FRAS-LE S.A,FRAS3,direct,high,
92665611,DIMED S.A. DISTRIBUIDORA DE MEDICAMENTOS,PNVL3,direct,high,
04065033,ENERGISA ACRE - DISTRIBUIDORA DE ENERGIA S/A,ENGI11,parent,high,Energisa group subsidiary
97837181,DEXCO S.A,DXCO3,direct,high,
11421994,ORIZON VALORIZACAO DE RESIDUOS S.A.,ORVR3,direct,high,
01599101,SEQUOIA LOGISTICA E TRANSPORTES S.A,SEQL3,direct,high,
08336804,CELESC GERACAO S.A,CLSC4,parent,high,Celesc subsidiary
44649812,NOTRE DAME INTERMEDICA SAUDE S/A,HAPV3,parent,med,"NotreDame Intermedica, Hapvida since 2022"
15484093,ECO101 CONCESSIONARIA DE RODOVIAS S/A.,ECOR3,parent,high,Ecorodovias concession
46989951,EDP TRANSMISSAO NORDESTE S.A.,ENBR3,parent,low,EDP transmission SPE
02149205,PORTO SEGURO S.A.,PSSA3,direct,high,
01425787,REDECARD INSTITUICAO DE PAGAMENTO S.A,ITUB4,parent,high,"Redecard, Itau Unibanco"
00954394,VULCABRAS - CE CALCADOS E ARTIGOS ESPORTIVOS S/A,VULC3,parent,med,Vulcabras subsidiary
55078938,EDP TRANSMISSAO NORTE NORDESTE 2 S.A.,ENBR3,parent,low,EDP transmission SPE
19126003,COPEL SERVICOS S.A.,CPLE3,parent,high,Copel subsidiary (CPLE6 unified into CPLE3 in 2025)
36521478,REENERGISA GERACAO FOTOVOLTAICA III S.A.,ENGI11,parent,high,Energisa group subsidiary
35067262,REENERGISA GERACAO FOTOVOLTAICA II S.A.,ENGI11,parent,high,Energisa group subsidiary
35654688,VAMOS COMERCIO DE MAQUINAS LINHA AMARELA S.A.,AMOB3,direct,low,Automob (ex-Vamos Linha Amarela)
44140908,CONCESSIONARIA DO AEROPORTO DA PAMPULHA S.A.,MOTV3,parent,med,"Pampulha airport, Motiva"
04149454,ECORODOVIAS INFRAESTRUTURA E LOGISTICA S/A,ECOR3,direct,high,
61409892,COMPANHIA BRASILEIRA DE ALUMINIO,CBAV3,direct,high,IPO Jul-2021
34130063,ULTRACARGO SOLUCOES LOGISTICAS S.A,UGPA3,parent,high,"Ultracargo, Ultrapar"
20247322,ALLIED TECNOLOGIA S.A.,ALLD3,direct,high,
33839910,VIVARA PARTICIPACOES S.A.,VIVA3,direct,high,
10760260,CVC BRASIL OPERADORA E AGENCIA DE VIAGENS S.A.,CVCB3,direct,med,auto: ISIN code + name match
09305994,AZUL S.A.,AZUL3,direct,med,auto: ISIN code + name match
07526557,AMBEV S.A,ABEV3,direct,med,auto: ISIN code + name match
