,exCDI_%,exU_%,t_vsU,vs_bench_%,t_vs_bench,p_vs_bench,vol_%,sharpe,maxDD_%,h1_vs_bench,h2_vs_bench,turnover,n_avg,p_holm
P4,1.8897,0.7879,1.588,-0.3286,-2.2746,0.0229,1.0464,1.8058,-1.5639,-0.2956,-0.3615,2.738048781154196,129.52083333333334,0.1374
V1_screen_only,2.5975,1.4957,3.0925,0.3793,2.1371,0.0326,0.9299,2.7934,-0.7022,0.2828,0.4758,3.0634274629007914,85.22916666666667,0.16299999999999998
V2_construct_only,2.4034,1.3016,2.8237,0.1851,1.4845,0.1377,1.1076,2.1698,-1.6557,0.0994,0.2709,3.0008154307719552,103.16666666666667,0.41309999999999997
P7,2.7185,1.6167,3.4639,0.5003,3.2905,0.001,1.0061,2.7021,-1.0036,0.374,0.6265,3.1344589843098998,84.85416666666667,0.01
V4_P7_no_liq_cap,3.1476,2.0459,3.8793,0.9294,3.3616,0.0008,0.976,3.2251,-0.451,0.7038,1.155,3.0168833895314187,85.22916666666667,0.0088
V5_P7_zoo_screen,2.7555,1.6538,3.2242,0.5373,4.3231,0.0,0.9794,2.8136,-1.0409,0.5758,0.4988,3.256725291750241,82.125,0.0
V6_P7_multiflag,2.5739,1.4721,3.3535,0.3556,1.3809,0.1673,1.1454,2.247,-1.1758,-0.1273,0.8385,3.3474558136410146,57.083333333333336,0.41309999999999997
V7_P7_top25,2.7912,1.6895,3.5077,0.573,2.7633,0.0057,1.0593,2.6349,-1.0873,0.4114,0.7346,3.1922934898716933,47.166666666666664,0.0513
V8_P7_gate_mom63,2.3283,1.2266,2.3924,0.1101,0.4528,0.6507,0.8622,2.7006,-0.7413,0.0499,0.1703,2.839320430402716,69.4375,0.6507
V9_P7_gate_ibov,2.4848,1.3831,3.1104,0.2666,1.8642,0.0623,0.9368,2.6524,-0.9732,0.1248,0.4084,3.0068345368318377,80.66666666666667,0.2492
V10_P7_ew_liq,2.4983,1.3966,2.9668,0.2801,2.4229,0.0154,0.9662,2.5856,-1.1022,0.2469,0.3133,3.1474349310802174,84.9375,0.1078
V11_P7_on_P4,2.6228,1.5211,3.331,0.4046,2.5374,0.0112,1.1043,2.375,-1.3889,0.1994,0.6098,2.9174525813220993,103.75,0.0896
