cnpj8,day,parent_cnpj8,parent_tickers,route,depth,avail,issuer_name,parent_name
27967244,2021-06-01,03220438,EQTL3,fre,2,2021-05-31,TAPAJOS TRANSMISSORA DE ENERGIA S.A.,EQUATORIAL ENERGIA S.A.
26845702,2021-06-01,03220438,EQTL3,fre,2,2021-05-31,BELEM TRANSMISSORA DE ENERGIA S.A.,EQUATORIAL ENERGIA S.A.
23520790,2021-08-02,03220438,EQTL3,fre,1,2021-05-31,VERENE TRANSMISSAO SUBHOLDING S.A.,EQUATORIAL ENERGIA S.A.
08070508,2021-09-01,33453598,RAIZ4,fre,1,2021-08-17,RAIZEN ENERGIA S/A,RAIZEN S.A.
04705039,2022-02-01,03983431,ENBR3,fre,1,2022-01-04,HORIZON TRANSMISSAO ES S.A.,EDP ENERGIAS DO BRASIL S.A.
25224658,2022-05-02,08364948,ALUP11,fre,1,2022-04-14,ETC  EMPRESA TRANSMISSORA CAPIXABA S. A.,ALUPAR INVESTIMENTO S/A
25224629,2022-05-02,08364948,ALUP11,fre,1,2022-04-14,ETAP EMPRESA TRANSMISSORA AGRESTE POTIGUAR S.A.,ALUPAR INVESTIMENTO S/A
24870961,2022-05-02,08364948,ALUP11,fre,1,2022-04-14,ETB - EMPRESA DE TRANSMISSAO BAIANA S.A.,ALUPAR INVESTIMENTO S/A
12009135,2022-06-01,33592510,VALE3,fre,1,2022-05-26,ALIANCA GERACAO DE ENERGIA S/A,VALE S/A
60933603,2022-06-01,28594234,AURE3,fre,1,2022-05-24,CESP - COMPANHIA ENERGETICA DE SAO PAULO,AUREN ENERGIA S.A.
04368865,2022-06-01,76483817,CPLE3,fre,1,2022-05-10,LIGGA TELECOMUNICACOES S.A,
18903785,2022-06-01,04149454,ECOR3,fre,1,2022-05-11,HOLDING DO ARAGUAIA S.A.,ECORODOVIAS INFRAESTRUTURA E LOGISTICA S/A
01612234,2022-06-01,02846056,MOTV3,fre,1,2022-05-09,CONCESSIONARIA DA RODOVIA DOS LAGOS S/A,MOTIVA INFRAESTRUTURA DE MOBILIDADE S.A.
11289590,2022-06-01,37663076,AESB3,fre,1,2022-05-24,TIETE EOLICA S.A,AUREN PARTICIPACOES S.A.
34623550,2022-06-01,37663076,AESB3,fre,1,2022-05-24,TUCANO HOLDING II S.A,AUREN PARTICIPACOES S.A.
35714529,2022-06-01,33958695,UNIP6,fre,1,2022-05-18,TUCANO HOLDING III S.A,UNIPAR CARBOCLORO S/A
26796760,2022-06-01,08364948,ALUP11,fre,1,2022-04-14,TCC - TRANSMISSORA CAMINHO DO CAFE S/A,ALUPAR INVESTIMENTO S/A
19729992,2022-06-01,08364948,ALUP11,fre,1,2022-04-14,VERDE 08 ENERGIA  S.A.,ALUPAR INVESTIMENTO S/A
06248349,2022-07-01,02474103,EGIE3,fre,1,2022-05-20,TRANSPORTADORA ASSOCIADA DE GAS S.A. - TAG,ENGIE BRASIL ENERGIA SA
52164662,2022-07-01,12104241,ONCO3,fre,1,2022-05-16,CENTRO PAULISTA DE ONCOLOGIA S.A.,ONCOCLINICAS DO BRASIL SERVICOS MEDICOS  S.A.
03984987,2022-07-01,08364948,ALUP11,fre,1,2022-04-14,ECTE - EMPRESA CATARINENSE DE TRANSMISSAO DE ENERGIA S/A,ALUPAR INVESTIMENTO S/A
02560878,2022-07-01,13270520,KRSA3,fre,3,2022-02-03,HOSPITAL ANCHIETA S.A.,KORA SAUDE PARTICIPACOES S.A.
26796739,2022-07-01,08364948,ALUP11,fre,1,2022-04-14,TPE  - TRANSMISSORA PARAISO DE ENERGIA S.A.,ALUPAR INVESTIMENTO S/A
10645019,2022-08-01,12648266,AMBP3,fre,1,2022-03-25,EMERGENCIA PARTICIPACOES S/A,AMBIPAR PARTICIPACOES E EMPREENDIMENTOS S/A
10319900,2022-09-01,07415333,SIMH3,fre,2,2022-08-29,REGENERA RIO S.A,SIMPAR S.A.
16603346,2022-09-01,28594234,AURE3,fre,1,2022-04-06,VENTOS DE SANTO ESTEVAO HOLDING S/A,AUREN ENERGIA S.A.
10319371,2022-11-01,07859971,TAEE11,fre,1,2022-02-25,EBTE - EMPRESA BRASILEIRA DE TRANSMISSAO DE ENERGIA S.A,TRANSMISSORA ALIANCA DE ENERGIA ELETRICA S/A
07153003,2022-11-01,07859971,TAEE11,fre,1,2022-02-25,COMPANHIA TRANSIRAPE DE TRANSMISSAO,TRANSMISSORA ALIANCA DE ENERGIA ELETRICA S/A
07799081,2023-01-02,03220438,EQTL3,fre,1,2022-05-19,INTEGRACAO TRANSMISSORA DE ENERGIA S.A.,EQUATORIAL ENERGIA S.A.
02578564,2023-01-02,08343492,MRVE3,fre,1,2022-05-16,MRL ENGENHARIA E EMPREENDIMENTOS S.A.,MRV ENGENHARIA E PARTICIPACOES S.A.
10562611,2023-02-01,02998611,ISAE4,fre,1,2022-08-04,INTERLIGACAO ELETRICA DO MADEIRA S/A,ISA ENERGIA BRASIL S.A.
15674478,2023-03-01,28594234,AURE3,fre,1,2022-04-06,VENTOS  DE SAO VICENTE ENERGIAS RENOVAVEIS S.A.,AUREN ENERGIA S.A.
09527023,2023-04-03,12648266,AMBP3,fre,1,2021-10-07,ENVIRONMENTAL ESG PARTICIPACOES S.A.,AMBIPAR PARTICIPACOES E EMPREENDIMENTOS S/A
15483161,2023-05-01,00864214,ENGI11,fre,1,2022-05-20,ALSOL ENERGIAS RENOVAVEIS S/A,ENERGISA SA
34175529,2023-06-01,73178600,CYRE3,fre,1,2023-05-04,CASHME SOLUCOES FINANCEIRAS S.A.,CYRELA BRAZIL REALTY S/A EMPREENDIMENTOS E PARTICIPACOES
44319688,2023-06-01,02846056,MOTV3,fre,1,2023-05-02,CONCESSIONARIA DO SISTEMA RODOVIARIO RIO-SAO PAULO S.A.,MOTIVA INFRAESTRUTURA DE MOBILIDADE S.A.
04416923,2023-06-01,08364948,ALUP11,fre,1,2023-05-18,EMPRESA PARAENSE DE TRANSMISSAO DE ENERGIA S/A,ALUPAR INVESTIMENTO S/A
42385499,2023-06-01,42500384,SRNA3,fre,1,2023-05-12,SERENA DESENVOLVIMENTO S.A,SERENA ENERGIA S.A
09149503,2023-06-01,42500384,SRNA3,fre,1,2023-05-12,SERENA GERACAO S.A.,SERENA ENERGIA S.A
09391823,2023-06-01,00001180,AXIA3,fre,3,2023-05-17,SANTO ANTONIO ENERGIA S.A.,AXIA ENERGIA S.A.
02302100,2023-09-01,03983431,ENBR3,fre,1,2023-05-09,EDP SAO PAULO DISTRIBUICAO DE ENERGIA S/A,EDP ENERGIAS DO BRASIL S.A.
27831352,2023-09-01,03983431,ENBR3,fre,1,2023-04-26,EDP TRANSMISSAO ALIANCA SC S.A.,EDP ENERGIAS DO BRASIL S.A.
04426411,2023-09-01,03983431,ENBR3,fre,1,2023-04-26,ENERPEIXE S.A.,EDP ENERGIAS DO BRASIL S.A.
28152650,2023-09-01,03983431,ENBR3,fre,1,2023-05-09,EDP ESPIRITO SANTO DISTRIBUICAO DE ENERGIA SA,EDP ENERGIAS DO BRASIL S.A.
03460864,2023-09-01,03983431,ENBR3,fre,1,2023-04-26,LAJEADO ENERGIA S.A.,EDP ENERGIAS DO BRASIL S.A.
10994254,2023-10-02,08364948,ALUP11,fre,1,2023-05-18,TRANSMISSORA MATOGROSSENSE DE ENERGIA S.A.,ALUPAR INVESTIMENTO S/A
19382073,2023-12-01,08364948,ALUP11,fre,1,2023-05-18,UFV PITOMBEIRA S.A.,ALUPAR INVESTIMENTO S/A
27821748,2024-01-01,03983431,ENBR3,fre,1,2023-04-26,TRANSMISSAO SP-MG S/A,EDP ENERGIAS DO BRASIL S.A.
45736131,2024-03-01,75609123,LCAM3,fre,1,2024-01-02,UNIDAS LOCADORA S.A..,UNIDAS LOCACOES E SERVICOS S/A
42165941,2024-04-01,37663076,AESB3,fre,1,2023-05-15,POTENGI HOLDINGS S.A.,AUREN PARTICIPACOES S.A.
10571175,2024-04-01,08343492,MRVE3,fre,1,2023-05-25,URBA DESENVOLVIMENTO URBANO S/A,MRV ENGENHARIA E PARTICIPACOES S.A.
07779299,2024-05-01,03983431,ENBR3,fre,1,2024-04-15,EDP TRANSMISSAO GOIAS S.A.,EDP ENERGIAS DO BRASIL S.A.
45024644,2024-06-03,37663076,AESB3,fre,1,2024-05-21,CAJUINA AB1 HOLDINGS S.A,AUREN PARTICIPACOES S.A.
24274124,2024-06-03,42500384,SRNA3,fre,2,2024-05-10,ASSURUA 2 ENERGIA S.A.,SERENA ENERGIA S.A
14797436,2024-06-03,42500384,SRNA3,fre,2,2024-05-10,DELTA 3 ENERGIA S.A,SERENA ENERGIA S.A
28438777,2024-07-01,01083200,NEOE3,fre,1,2024-05-20,EKTT 9 SERV DE TRANS DE E E SPE S.A.,NEOENERGIA S/A
04023261,2024-07-01,01083200,NEOE3,fre,1,2024-05-20,NC ENERGIA S.A.,NEOENERGIA S/A
15675033,2024-07-01,37663076,AESB3,fre,1,2024-05-21,VENTOS DE SAO TOME HOLDING S.A.,AUREN PARTICIPACOES S.A.
37020274,2024-08-01,37663076,AESB3,fre,1,2024-05-21,VENTOS DE SANTA TEREZA 07 ENERGIAS RENOVAVEIS S.A.,AUREN PARTICIPACOES S.A.
17875156,2024-08-01,37663076,AESB3,fre,1,2024-05-21,VENTOS DE SAO TITO HOLDING S/A,AUREN PARTICIPACOES S.A.
02284062,2024-09-02,06047087,RDOR3,fre,1,2024-05-10,HOSPITAL ESPERANCA S/A,REDE DOR SAO LUIZ S/A
33200056,2024-10-01,08402943,RIAA3,fre,1,2024-05-21,LOJAS RIACHUELO S / A,GUARARAPES CONFECCOES S.A..
01944031,2025-01-01,42150391,BRKM5,fre,1,2024-05-23,DISTRIBUIDORA  DE  AGUA  CAMACARI  S.A.,BRASKEM S/A
14683671,2025-01-01,08364948,ALUP11,fre,1,2024-04-24,TRANSNORTE ENERGIA S.A.,ALUPAR INVESTIMENTO S/A
53859112,2025-02-03,02429144,CPFE3,fre,1,2024-05-17,COMPANHIA JAGUARI DE ENERGIA,
36763716,2025-03-03,02846056,MOTV3,fre,1,2024-08-01,CONCESSIONARIA CATARINENSE DE RODOVIAS SA,MOTIVA INFRAESTRUTURA DE MOBILIDADE S.A.
34840096,2025-03-03,21389501,PASS3,fre,1,2024-05-08,TRSP - TERMINAL DE REGASEIFICACAO DE GNL DE SAO PAULO S.A.,COMPASS GAS E ENERGIA S.A
32431519,2025-04-01,34274233,VBBR3,fre,2,2025-03-24,HELIO VALGAS SOLAR PARTICIPACOES S.A.,VIBRA ENERGIA S.A
60884855,2025-05-01,61486650,DASA3,fre,1,2024-05-10,IMPAR SERVICOS HOSPITALARES S/A,DIAGNOSTICOS DA AMERICA S/A
14641895,2025-06-02,11421994,ORVR3,fre,1,2025-04-16,BARUERI ENERGIA RENOVAVEL S.A.,ORIZON VALORIZACAO DE RESIDUOS S.A.
38286323,2025-07-01,42500384,SRNA3,fre,2,2025-05-16,ASSURUA 4 E 5 HOLDING ENERGIA S.A.,SERENA ENERGIA S.A
23778492,2025-07-01,42500384,SRNA3,fre,2,2025-04-24,ASSURUA 1 ENERGIA S.A.,SERENA ENERGIA S.A
59546515,2025-08-01,06347409,SBFG3,fre,1,2025-05-21,FISIA COMERCIO DE PRODUTOS ESPORTIVOS S.A.,SBF COMERCIO DE PRODUTOS ESPORTIVOS S.A.
44109598,2025-09-01,03220438,EQTL3,fre,1,2025-05-21,CONCESSIONARIA DE SANEAMENTO DO AMAPA SPE S.A.,EQUATORIAL ENERGIA S.A.
26707830,2025-09-01,07859971,TAEE11,fre,1,2024-05-16,INTERLIGACAO ELETRICA AIMORES S.A,TRANSMISSORA ALIANCA DE ENERGIA ELETRICA S/A
26712591,2025-09-01,07859971,TAEE11,fre,1,2024-05-16,INTERLIGACAO ELETRICA PARAGUACU S.A,TRANSMISSORA ALIANCA DE ENERGIA ELETRICA S/A
08845676,2025-12-01,26659061,ESPA3,fre,1,2024-11-05,CORPOREOS SERVICOS TERAPEUTICOS SA,MPM CORPOREOS S.A.
19642306,2026-02-02,02846056,MOTV3,fre,1,2025-08-21,CONCESSIONARIA DE RODOVIA SUL - MATOGROSSENSE S.A,MOTIVA INFRAESTRUTURA DE MOBILIDADE S.A.
46989951,2026-02-02,03983431,ENBR3,fre,1,2024-04-15,EDP TRANSMISSAO NORDESTE S.A.,EDP ENERGIAS DO BRASIL S.A.
02397080,2026-02-02,01083200,NEOE3,fre,1,2025-04-29,ITAPEBI GERACAO DE ENERGIA S/A,NEOENERGIA S/A
03024705,2026-02-02,21389501,PASS3,fre,1,2026-01-23,NECTA GAS NATURAL S.A,COMPASS GAS E ENERGIA S.A
26845283,2026-03-02,03220438,EQTL3,fre,1,2025-05-21,ALTO SERTAO TRANSMISSORA DE ENERGIA S.A,EQUATORIAL ENERGIA S.A.
11589522,2026-03-02,08364948,ALUP11,fre,1,2025-05-13,EMPRESA DE TRANSMISSAO DE ENERGIA DO MATO GROSSO S.A. - ETEM,ALUPAR INVESTIMENTO S/A
42171206,2026-05-01,34274233,VBBR3,fre,2,2026-02-13,BON NOME SOLAR PARTICIPACOES S.A.,VIBRA ENERGIA S.A
09326342,2026-06-01,02846056,MOTV3,fre,1,2026-05-07,AUTOPISTA FERNAO DIAS S/A,MOTIVA INFRAESTRUTURA DE MOBILIDADE S.A.
59196897,2026-06-01,02846056,MOTV3,fre,1,2026-06-01,CONCESSIONARIA DE RODOVIAS PRVIAS S.A.,MOTIVA INFRAESTRUTURA DE MOBILIDADE S.A.
07522669,2026-06-01,01083200,NEOE3,fre,1,2026-05-08,NEOENERGIA DISTRIBUICAO BRASILIA S.A,NEOENERGIA S/A
10835932,2026-06-01,01083200,NEOE3,fre,1,2026-05-08,COMPANHIA ENERGETICA DE PERNAMBUCO-CELPE,NEOENERGIA S/A
08324196,2026-06-01,01083200,NEOE3,fre,1,2026-05-19,COMPANHIA ENERGETICA DO RIO GRANDE DO NORTE-COSERN,NEOENERGIA S/A
19046324,2026-06-01,21389501,PASS3,fre,1,2026-01-23,EDGE COMERCIALIZACAO S.A.,COMPASS GAS E ENERGIA S.A
08397078,2026-06-01,06047087,RDOR3,fre,1,2026-05-08,GSH CORP PARTICIPACOES S.A.,REDE DOR SAO LUIZ S/A
10240186,2026-06-01,00864214,ENGI11,fre,3,2026-05-29,LINHAS DE XINGU TRANSMISSORA DE ENERGIA S.A.,ENERGISA SA
28438834,2026-06-01,01083200,NEOE3,fre,1,2026-05-08,NEOENERGIA MORRO DO CHAPEU TRANSMISSAO E ENERGIA S.A.,NEOENERGIA S/A
58484141,2026-06-01,02846056,MOTV3,fre,1,2026-05-07,CONCESSIONARIA ROTA SOROCABANA SA,MOTIVA INFRAESTRUTURA DE MOBILIDADE S.A.
09367702,2026-07-01,02846056,MOTV3,fre,1,2026-05-07,COMPANHIA DE PARTICIPACOES EM CONCESSOES,MOTIVA INFRAESTRUTURA DE MOBILIDADE S.A.
49786044,2026-08-03,08364948,ALUP11,fre,1,2026-07-21,TECP - TRANSMISSORA DE ENERGIA CENTRAL PAULISTANA S.A.,ALUPAR INVESTIMENTO S/A
19560837,2026-09-01,01083200,NEOE3,fre,1,2026-09-01,CALANGO 6 ENERGIA RENOVAVEL  S.A.,NEOENERGIA S/A
07037123,2026-09-01,11421994,ORVR3,fre,2,2026-08-25,ECOURBIS AMBIENTAL S.A,ORIZON VALORIZACAO DE RESIDUOS S.A.
47548779,2026-09-01,04423567,ENEV3,fre,1,2026-08-19,GNL BRASIL LOGISTICA S.A.,ENEVA S.A.
02536066,2026-09-01,11421994,ORVR3,fre,1,2026-08-25,VITAL ENGENHARIA AMBIENTAL SA,ORIZON VALORIZACAO DE RESIDUOS S.A.
