cnpj8,issuer_name,parent_cnpj8,parent_name,parent_tickers,token,accepted
07522669,NEOENERGIA DISTRIBUICAO BRASILIA S.A,01083200,NEOENERGIA S/A,NEOE3,NEOENERGIA,True
08873873,ECORODOVIAS CONCESSOES E SERVICOS S/A,04149454,ECORODOVIAS INFRAESTRUTURA E LOGISTICA S/A,ECOR3,ECORODOVIAS,True
00389481,LM TRANSPORTES INTERESTADUAIS SERVICOS E COMERCIO S.A.,01599101,SEQUOIA LOGISTICA E TRANSPORTES S.A,SEQL3,TRANSPORTES,False
09149503,SERENA GERACAO S.A.,42500384,SERENA ENERGIA S.A,SRNA3,SERENA,True
08070508,RAIZEN ENERGIA S/A,33453598,RAIZEN S.A.,RAIZ4,RAIZEN,True
02016507,AXIA ENERGIA SUL S.A.,00001180,AXIA ENERGIA S.A.,AXIA3,AXIA,True
29532071,SPE TRANSMISSORA DE ENERGIA LINHA VERDE II S.A.,35654688,VAMOS COMERCIO DE MAQUINAS LINHA AMARELA S.A.,AMOB3,LINHA,False
06977751,BR PROPERTIES S.A.,09041168,LOG COMMERCIAL PROPERTIES E PARTICIPACOES S/A,LOGG3,PROPERTIES,False
02286479,LOCALIZA FLEET S/A,16670085,LOCALIZA RENT A CAR S/A,RENT3,LOCALIZA,True
42385499,SERENA DESENVOLVIMENTO S.A,42500384,SERENA ENERGIA S.A,SRNA3,SERENA,True
12980585,FYP EMPREENDIMENTOS IMOBILIARIOS S/A,07816890,MULTIPLAN EMPREENDIMENTOS IMOBILIARIOS S/A,MULT3,IMOBILIARIOS,False
14292540,BRAZIL TOWER CESSAO DE INFRA-ESTRUTURAS S.A.,73178600,CYRELA BRAZIL REALTY S/A EMPREENDIMENTOS E PARTICIPACOES,CYRE3,BRAZIL,False
06267630,COMPANHIA BRASILEIRA DE EDUCACAO E SISTEMAS DE ENSINO S.A.,02800026,COGNA EDUCACAO S.A,COGN3,EDUCACAO,False
45736131,UNIDAS LOCADORA S.A..,75609123,UNIDAS LOCACOES E SERVICOS S/A,LCAM3,UNIDAS,True
01157555,TENDA ATACADO S/A,71476527,CONSTRUTORA TENDA S/A,TEND3,TENDA,False
58478624,BRAZIL GREEN OPPORTUNITIES PARTICIPACOES S.A,73178600,CYRELA BRAZIL REALTY S/A EMPREENDIMENTOS E PARTICIPACOES,CYRE3,BRAZIL,False
08845676,CORPOREOS SERVICOS TERAPEUTICOS SA,26659061,MPM CORPOREOS S.A.,ESPA3,CORPOREOS,True
38128791,RCH EMPREENDIMENTOS IMOBILIARIOS SA,07816890,MULTIPLAN EMPREENDIMENTOS IMOBILIARIOS S/A,MULT3,IMOBILIARIOS,False
63216005,BRAZIL GREEN OPPORTUNITIES II SPE LTDA.,73178600,CYRELA BRAZIL REALTY S/A EMPREENDIMENTOS E PARTICIPACOES,CYRE3,BRAZIL,False
11589522,EMPRESA DE TRANSMISSAO DE ENERGIA DO MATO GROSSO S.A. - ETEM,03467321,ENERGISA MATO GROSSO - DISTRIBUIDORA DE ENERGIA S.A.,ENMT4,MATO,False
29568539,SPE TRANSMISSORA DE ENERGIA LINHA VERDE I S.A,35654688,VAMOS COMERCIO DE MAQUINAS LINHA AMARELA S.A.,AMOB3,LINHA,False
28438834,NEOENERGIA MORRO DO CHAPEU TRANSMISSAO E ENERGIA S.A.,01083200,NEOENERGIA S/A,NEOE3,NEOENERGIA,True
