,exCDI_%,exU_%,t_vsU,vs_bench_%,t_vs_bench,p_vs_bench,vol_%,sharpe,maxDD_%,h1_vs_bench,h2_vs_bench,turnover,n_avg,p_holm,vs_live_M_replace_%,cost_ann_%,rec40_vs_P4Q_%,net50_vs_P4Q_%,net50_exCDI_%,n,eff_n_issuer,max_issuer,max_sector,dur,spread_bps,cvar99_6m_%,exp_loss_6m_%,liq_excess_500m,liq_excess_2bn,days_to_trade_500m_med,liq_relax
mv_emp_g20_durband,4.0568,2.9551,4.6895,1.8386,4.7028,0.0,1.0733,3.7799,-0.1751,1.7236,1.9536,3.107371172597515,30.5625,0.0,2.1358,0.3884213965746894,1.7596,1.817,3.6541,30.5625,22.035213887374226,0.04999999965545907,0.1641160936580678,2.866877944592528,460.2262914493076,9.744620475701382,-1.187261681133276,0.47421383145398766,0.7514382304932092,138.92645871374887,
top25_carry_cap5,3.9795,2.8777,5.0295,1.7613,4.7368,0.0,1.1221,3.5465,-0.3393,1.4158,2.1067,3.186015841423237,25.0,0.0,2.0584,0.39825198017790464,1.6821,1.7294,3.5666,,,,,,,,,,,,
mv_emp_g20_tc,3.8562,2.7545,3.8532,1.638,4.081,0.0,1.074,3.5905,-0.1817,1.8848,1.3912,2.996250723264878,25.333333333333332,0.0,1.9351,0.37453134040810976,1.5589,1.6308,3.4679,25.333333333333332,21.186075346777056,0.050000000250468,0.15580388473981244,2.1784621089932963,458.5204031230814,9.742968636124482,-1.1818975076271254,0.48272452423129303,0.762055242064552,140.78988794758033,
mv_emp_g20,3.833,2.7313,3.8646,1.6148,4.0963,0.0,1.0685,3.5874,-0.1452,1.8873,1.3422,3.094518887297218,25.645833333333332,0.0,1.9119,0.38681486091215217,1.5357,1.5949,3.432,25.645833333333332,21.084753187365976,0.049999999706649874,0.1614415356415311,2.1492033320600727,460.9625233156553,9.758605429398584,-1.1909525454475542,0.502272784019051,0.7764713327973701,174.12069964233785,
mv_emp_g100,3.257,2.1552,2.8384,1.0388,2.5936,0.0095,0.9733,3.3462,-0.2821,1.4742,0.6033,3.105084047311198,30.645833333333332,0.247,1.3359,0.38813550591389967,1.0157,1.0176,2.8548,30.645833333333332,22.198332020871987,0.0499999995199042,0.16251309330331068,1.6585710164955152,400.2265322978557,9.084270031371025,-1.0322307008226155,0.46313800442793496,0.7483320545975909,117.64468601487039,
wide_mv,3.1959,2.0941,2.7643,0.9776,2.4646,0.0137,0.9458,3.3791,-0.2949,1.4041,0.5512,3.1087734743163162,31.1875,0.3151,1.2748,0.3885966842895396,0.9638,0.956,2.7932,31.1875,22.307066193573636,0.049999999542582114,0.16269908266089636,1.6101696211250023,390.97824153528654,8.990859431817256,-1.0084045984449996,0.45886289219240656,0.7440244296517248,106.66524838147286,
top50_comp,3.0546,1.9528,4.1295,0.8363,5.5654,0.0,1.0693,2.8566,-0.6387,0.6682,1.0044,2.945438666899319,50.0,0.0,1.1335,0.3681798333624149,0.8242,0.836,2.6731,50.0,34.27339619755541,0.07125,0.14701021846370685,3.208269623531764,365.95746752428596,7.679342665712302,-0.9449443688303792,0.3048017457675721,0.5900769786596196,74.38796175429856,
carry_prop,2.9045,1.8027,3.7082,0.6862,5.5652,0.0,1.0774,2.6957,-0.9415,0.5452,0.8272,2.9351438761865865,103.29166666666667,0.0,0.9834,0.3668929845233233,0.6775,0.6873,2.5244,103.29166666666667,44.60423991377518,0.07357063093568746,0.14152028355464738,3.304974318380735,366.2546168199363,7.375817674333377,-0.9474119292356553,0.23112793448872612,0.43986826180402017,27.167239352613418,
mv_emp_g20_fund500m,2.7858,1.6841,2.7644,0.5676,2.4977,0.0125,1.0414,2.675,-0.9779,0.7548,0.3804,3.0662582391071127,41.0625,0.30000000000000004,0.8648,0.38328227988838903,0.5059,0.5517,2.3888,41.0625,25.207050907630848,0.05046113790360048,0.1556429227217229,2.9090973918907177,349.6737729518339,8.314740089549169,-0.899588677569935,0.003366297781198399,0.5202006085642158,70.17840675213354,1.0
mv_dts_g100,2.773,1.6713,2.0043,0.5548,1.1346,0.2566,0.9022,3.0735,-0.2674,1.1913,-0.0817,3.15501958836844,26.125,1.0,0.8519,0.394377448546055,0.5872,0.5273,2.3644,26.125,21.499077776692555,0.049999999137924474,0.1588556172558295,1.2806194041986794,351.5275988057883,8.619797050761857,-0.9058072604387433,0.47537278194037297,0.7587734542038614,164.873658982097,
live_Q_replace,2.5131,1.4113,3.0742,0.2949,1.1742,0.2403,1.1373,2.2096,-1.5101,0.2627,0.327,3.822540936043745,96.9375,1.0,0.592,0.47781761700546815,,0.1848,2.0219,,,,,,,,,,,,
score_tilt,2.5114,1.4096,2.9867,0.2932,4.507,0.0,1.0203,2.4614,-1.0487,0.2813,0.305,2.923702738789074,103.29166666666667,0.0,0.5903,0.36546284234863424,0.2881,0.2958,2.1329,103.29166666666667,52.548452133066924,0.059584854142629644,0.1345281478569031,3.3427353393610013,315.1410817086417,6.407327912404132,-0.8126522784723699,0.1911115556458184,0.41379453643832537,28.927203509993536,
tranche_Q126,2.4352,1.3334,2.9524,0.2169,1.9599,0.05,0.9977,2.4408,-1.2396,0.2162,0.2177,2.7347976679923938,96.9375,1.0,0.5141,0.3418497084990492,,,,,,,,,,,,,,,
top25_carry_fund500m,2.429,1.3273,2.8959,0.2108,1.0656,0.2866,1.1894,2.0422,-1.9079,0.1151,0.3065,3.0999891996422178,47.25,1.0,0.5079,0.3874986499552772,0.1582,0.1906,2.0277,,,,,,,,,,,,
tranche_h252,2.3692,1.2675,2.619,0.151,1.1858,0.2357,0.9337,2.5374,-1.2181,0.0854,0.2166,2.0967338746258677,103.29166666666667,1.0,0.4481,0.26209173432823346,,,,,,,,,,,,,,,
tranche_W126,2.2759,1.1741,2.4341,0.0577,0.7073,0.4793,1.0057,2.2629,-1.3946,-0.0,0.1154,3.324173143278461,102.99521531100478,1.0,0.3548,0.4155216429098077,,,,,,,,,,,,,,,
tranche_h63,2.2643,1.1625,2.7197,0.046,0.2595,0.7952,1.1945,1.8955,-1.8216,-0.1012,0.1932,4.837518994770617,103.29166666666667,1.0,0.3432,0.6046898743463271,,,,,,,,,,,,,,,
carry_over_var_tilt,2.2349,1.1332,1.5356,0.0167,0.0485,0.9613,0.7354,3.0392,-0.6224,0.5037,-0.4703,3.1132747102279876,103.29166666666667,1.0,0.3138,0.3891593387784985,0.0406,-0.0052,1.8319,103.29166666666667,34.02455315371615,0.05000000000029398,0.14804454779812284,1.9070667734394409,278.29031649717575,6.7840089459115305,-0.7137019593850024,0.2726864006371736,0.5201125371230307,16.429638346304966,
EW_cap5,2.2325,1.1307,2.4599,0.0142,0.8449,0.3982,1.0347,2.1575,-1.3803,-0.0031,0.0316,2.9375674772857105,103.29166666666667,1.0,0.3114,0.36719593466071376,0.0139,0.0152,1.8523,103.29166666666667,56.40707248805936,0.04746714717169695,0.1321632942692924,3.43106813342903,289.5305969381646,5.895282497190604,-0.7461374940425753,0.17023465041116412,0.3913965610044243,30.011743072931097,
EW_cap5_sec25,2.2325,1.1307,2.4599,0.0142,0.8449,0.3982,1.0347,2.1575,-1.3803,-0.0031,0.0316,2.937567180220113,103.29166666666667,1.0,0.3114,0.36719589752751414,0.0139,0.0152,1.8523,103.29166666666667,56.40711186919251,0.04746714646454516,0.13216332555453972,3.4310679633754546,289.530610123044,5.895281776309717,-0.7461375219515998,0.17023467873328782,0.39139658508436154,30.01170427225948,
EW_cap10,2.2182,1.1165,2.4091,0.0,,,1.0415,2.1298,-1.3929,0.0,0.0,2.944648972101181,103.29166666666667,,0.2972,0.36808112151264755,0.0,0.0,1.8371,103.29166666666667,52.11731821748697,0.06384196002560007,0.13982870571227865,3.421939379698067,288.7875118719934,6.133475749817535,-0.7438913712632907,0.16592656270641534,0.38639034839224634,30.40371307552991,
EW_fund500m,2.117,1.0152,2.1894,-0.1013,-0.7599,0.4473,1.0966,1.9305,-1.8394,-0.1255,-0.077,2.9991298769703536,91.91666666666667,1.0,0.1959,0.37489123462129426,-0.1087,-0.1083,1.7288,91.91666666666667,48.35446032479954,0.04974528966517375,0.13289793818295234,3.465751208522805,270.8356799069664,5.941661979884313,-0.697550433568793,0.001722431916104162,0.302356467082399,30.581989850221586,1.0
live_M_sticky_rich,2.1008,0.999,1.9986,-0.1175,-0.4439,0.6571,1.2015,1.7485,-1.7118,0.0772,-0.3121,2.3310766238162364,103.29166666666667,1.0,0.1797,0.29138457797702955,,,,,,,,,,,,,,,
tranche_buffer45,2.0714,0.9696,2.135,-0.1469,-2.5756,0.01,1.0379,1.9957,-1.4499,-0.1697,-0.124,2.839326568338035,111.875,0.25,0.1503,0.35491582104225433,,-0.1332,1.704,,,,,,,,,,,,
cvar_l1,2.0276,0.9258,1.6259,-0.1907,-1.107,0.2683,0.8577,2.364,-1.2786,0.0912,-0.4726,3.5831126617912714,57.875,1.0,0.1065,0.4478890827239089,-0.1641,-0.2733,1.5638,57.875,40.286519046612064,0.04583170390238749,0.12560799770329079,2.8110778010203794,259.53467842367826,6.061620699426844,-0.6682135395433421,0.2761680333278713,0.5599784137653757,43.63160302323294,
erc_issuer_emp,2.0166,0.9149,1.4521,-0.2016,-0.8882,0.3744,0.735,2.7436,-1.093,0.1183,-0.5215,3.0719756813160606,103.29166666666667,1.0,0.0956,0.3839969601645075,-0.1882,-0.218,1.6191,103.29166666666667,48.20576896631929,0.05538868318732276,0.14338979354034181,2.4540565347770538,263.39974040787155,5.957324610070109,-0.6753469662382345,0.23764652777119635,0.4883588072734358,21.612625264159508,
EW_fund2bn,1.9889,0.8871,1.6736,-0.2293,-0.7347,0.4625,1.2561,1.5834,-2.6085,-0.2348,-0.2239,3.09506721464573,76.64583333333333,1.0,0.0678,0.3868834018307163,-0.2422,-0.2488,1.5884,76.64583333333333,35.98503403469517,0.05124570277895113,0.1462965753519944,3.4824198737021708,266.851632086955,6.482064937423517,-0.6852660002214268,0.0,0.07084099444552548,23.39320273937462,1.1770833333333333
live_M_buffer45,1.9376,0.8359,1.6121,-0.2806,-1.3878,0.1652,1.141,1.6981,-1.6735,-0.0539,-0.5073,8.132017382163333,111.875,1.0,0.0166,1.0165021727704167,,-0.9548,0.8824,,,,,,,,,,,,
live_M_replace,1.9211,0.8193,1.7327,-0.2972,-1.5943,0.1109,1.1958,1.6065,-1.6943,-0.0736,-0.5207,9.115022613221031,103.29166666666667,1.0,0.0,1.1393778266526287,,-1.0902,0.747,,,,,,,,,,,,
cvar_l5,1.9079,0.8061,1.4147,-0.3103,-1.6595,0.097,0.8523,2.2385,-1.3311,0.008,-0.6287,3.5786117105052737,57.875,1.0,-0.0132,0.44732646381315927,-0.2858,-0.3924,1.4448,57.875,40.50096537799788,0.0452423746147655,0.12668993429882536,2.8395717930770625,247.2811219606771,5.947590582399182,-0.6354261983577414,0.273624938875699,0.5588281915653106,42.406163177822144,
live_M_band50,1.8966,0.7948,1.6559,-0.3217,-1.7344,0.0828,1.1745,1.6148,-1.6878,-0.1222,-0.5212,8.764383764482435,103.29166666666667,1.0,-0.0245,1.0955479705603044,,,,,,,,,,,,,,,
minvar_emp,1.8712,0.7694,0.9521,-0.347,-0.8122,0.4167,0.7388,2.5327,-0.8398,0.2027,-0.8967,3.3364037137352174,44.8125,1.0,-0.0499,0.4170504642169021,-0.3174,-0.3977,1.4394,44.8125,23.12011743296597,0.04999982860388258,0.16923264127934146,1.6199944906977393,242.04414150173488,7.299086205960113,-0.6182199809807031,0.3842872089102803,0.6876286891854538,37.88839124078245,
maxdiv_dts,1.8082,0.7064,1.0761,-0.4101,-1.5665,0.1172,0.7147,2.5299,-1.0366,0.0455,-0.8657,3.1291849729721837,103.29166666666667,1.0,-0.1129,0.391148121621523,-0.392,-0.4339,1.4032,103.29166666666667,45.14972022664043,0.05917131355470454,0.10306300673253134,2.268900725350379,256.1601430027792,5.959736838824217,-0.6586175614249569,0.23563575830480796,0.49134326319024296,22.248419342610422,
invvol_dts,1.7927,0.6909,1.051,-0.4256,-1.6701,0.0949,0.762,2.3526,-1.0614,0.0663,-0.9175,3.100096115347531,103.29166666666667,1.0,-0.1284,0.38751201441844146,-0.4049,-0.4456,1.3915,103.29166666666667,39.149418790717576,0.07510481682222377,0.14337987714600112,2.330003342543949,254.40865317715532,6.36396628349722,-0.6535963820799731,0.20208574059961149,0.4430279352227456,25.18803690891333,
live_W_replace,0.798,-0.3037,-0.5223,-1.4202,-3.5802,0.0003,1.3041,0.6119,-2.8769,-1.453,-1.3874,14.489746966336254,102.99521531100478,0.0081,-1.123,1.8112183707920313,,-2.8732,-1.036,,,,,,,,,,,,
