,basis_ipca_di,basis_inc_tax,fwd_ipca_minus_di,fwd_inc_minus_tax
2021-03-01,-110.14593492367999,-101.02284779828662,0.06146763135865203,-0.00743576560287694
2021-04-01,-112.54871843039194,-75.49445501112473,0.06049558366167411,-0.005958567081719213
2021-05-03,-98.56289530224103,-88.47835455584541,0.08361439134269824,-0.009960528724455867
2021-06-01,-81.43953213735622,-113.11598017948788,0.0776742006848965,-0.009757085184236375
2021-07-01,-112.9346434672851,-135.35495616569972,0.07355446571366292,-0.010428811430781448
2021-08-02,-117.69250516499017,-92.34501176022204,0.046579342137284874,0.005250718439499674
2021-09-01,-118.39881760263847,-115.79634590191624,0.0493710454356767,-0.0017239311962387593
2021-10-01,-119.46358237598486,-54.41519000340068,0.038147320036470735,-0.015568591973768475
2021-11-01,-133.0594965201648,-94.6941583480565,0.02690464656725112,-0.02260643331066882
2021-12-01,-115.99520938833096,-87.95060620531369,0.027977315708906395,-0.020742078929121048
2022-01-03,-138.24442464767884,-134.5961124390438,0.024073694613387802,-0.01953062139052119
2022-02-01,-122.24948366619361,-130.19058644674564,0.011497464285669706,-0.009468515478982854
2022-03-01,-131.89988588470314,-114.70983863269056,-0.01888031898706055,-0.00539126609764876
2022-04-01,-120.81178857253903,-102.14725086886034,-0.03349783959760415,-0.010620423533352045
2022-05-02,-120.23739215539675,-114.4746614677461,-0.046444968356322794,-0.012684862495477092
2022-06-01,-120.32946067470075,-116.48327347602016,-0.04919595518219135,-0.01745541629146323
2022-07-01,-129.17628900518173,-139.35597104474118,-0.05593810178603295,-0.018600243379723106
2022-08-01,-114.67273342760431,-128.83868347951744,-0.04222208493951146,-0.015153563652159675
2022-09-01,-132.2054962207253,-109.91419076236352,-0.039873557318933626,0.036204321822379815
2022-10-03,-93.77423865073231,-137.57819292474994,-0.02907744142831345,0.05251727052693651
2022-11-01,-76.00078532663312,-123.1787230133885,-0.014871372909153543,0.06515297313197507
2022-12-01,-78.81051626737802,-90.15066490551283,-0.012475350352205906,0.06163700687655397
2023-01-02,-81.29053810578381,-123.59884528596267,-0.018592266309928506,0.07708849423827643
2023-02-01,-60.17858787163986,-83.42840727823652,-0.02232765728486602,0.07500288268137134
2023-03-01,-51.699647275191836,-151.12356837958976,-0.019150104509447673,0.016935900974583355
2023-04-03,-83.91329714305672,-156.08484277362945,-0.005426463315805999,0.021085926064939108
2023-05-01,-86.6546303471849,-170.28719481154252,-0.01932272831070387,0.014448242862484192
2023-06-01,-105.84093667506787,-150.60721131237466,-0.025098642527997147,0.011036358623690614
2023-07-03,-110.43045214657931,-187.12493733025528,-0.020301331435387315,0.008338252384972116
2023-08-01,-99.43652186770623,-168.66626121680991,-0.011852050261509523,-0.0013793776535584376
2023-09-01,-94.32851212359705,-166.08713097187479,0.014450314535232517,0.01288761342281541
2023-10-02,-84.14528829242097,-198.12435767645462,0.005406012115916067,0.004375279150602946
2023-11-01,-91.07698433628019,-178.10829641647044,0.015717596221980316,0.018100863697122188
2023-12-01,-66.65526363111461,-146.75656799176485,0.023104194359720765,0.016593351106949455
2024-01-01,-82.69579607823928,-192.47534090226947,0.02226781166789633,0.009697759243735553
2024-02-01,-76.45080310877628,-190.65315587351358,0.02021015605324231,0.006045903178111191
2024-03-01,-115.16514508196241,-186.7988252922115,0.003713559317106173,0.014813458156615854
2024-04-01,-111.6226490142036,-189.28601648419252,0.006248277087693469,0.0015309971839280526
2024-05-01,-112.38060024810315,-222.40454047655953,0.0062631300863556,0.009162984421511757
2024-06-03,-95.74430688749302,-174.5540561324077,0.013177606326879563,0.008306644710426012
2024-07-01,-94.4842688763292,-164.92115913984253,0.023348387919090954,0.05439177554382391
2024-08-01,-100.85432247070703,-221.7489107075088,0.020907084739987793,0.047098489523607734
2024-09-02,-100.30242204057016,-193.21480718046735,0.03342053520909487,0.01645349961449467
2024-10-01,-92.28452534795761,-241.03075768015512,0.02919145230577751,-0.006198125245663967
2024-11-01,-95.27775954841778,-159.82416940943378,0.02279885719589114,0.014114240930667933
2024-12-02,-94.90905729264034,-130.8577835791014,0.016778784099529757,0.017414168231275708
2025-01-01,-109.2658565596749,-138.81266309087036,0.004425394374441822,0.007792543085386917
2025-02-03,-92.61830673179318,-102.22412387766113,0.014802579712531704,0.01817856007649009
2025-03-03,-112.08400026893716,-163.81700235657436,-0.003975531910178935,-0.008762196975974584
2025-04-01,-110.4680335700392,-46.832717063649554,0.002974561360572482,0.013570641637968518
2025-05-01,-109.60323069072132,-42.977949882041514,-0.0008198011726504128,0.0021332279547454755
2025-06-02,-110.04766800091103,-71.96527692774902,-0.007991930579618696,0.010096753354260368
2025-07-01,-114.98319737706265,-72.46998884646194,,
2025-08-01,-130.39506133073695,-118.43462001059235,,
2025-09-01,-132.6836722888569,-68.19177597209847,,
2025-10-01,-159.25828807999977,-110.8308453401402,,
2025-11-03,-144.57649039518628,-87.44209592594143,,
2025-12-01,-145.42997372513523,-110.77573934067497,,
