day,univ,p4,p4q,issuers,covered_share,listed_share,grid_bonds
2014-07-01,71,21,16,47,0.8591549295774648,0.0,96
2014-08-01,69,20,14,46,0.7971014492753623,0.0,101
2014-09-01,76,22,13,54,0.8947368421052632,0.47368421052631576,120
2014-10-01,91,27,17,59,0.8021978021978022,0.4065934065934066,120
2014-11-03,76,22,15,48,0.9342105263157895,0.3684210526315789,108
2014-12-01,68,19,14,39,0.9264705882352942,0.4264705882352941,96
2015-01-01,59,17,12,38,0.9322033898305084,0.3728813559322034,108
2015-02-02,59,15,10,39,0.864406779661017,0.4406779661016949,103
2015-03-02,80,22,18,50,0.9375,0.425,96
2015-04-01,81,24,18,51,0.8888888888888888,0.4074074074074074,120
2015-05-01,89,26,21,60,0.8764044943820225,0.4157303370786517,127
2015-06-01,80,24,18,49,0.8875,0.4125,114
2015-07-01,86,25,15,54,0.9069767441860465,0.46511627906976744,133
2015-08-03,81,24,19,52,0.8641975308641975,0.48148148148148145,115
2015-09-01,79,23,18,50,0.8734177215189873,0.3924050632911392,120
2015-10-01,73,21,17,50,0.9041095890410958,0.4657534246575342,118
2015-11-02,76,22,17,51,0.868421052631579,0.5263157894736842,118
2015-12-01,87,26,18,62,0.8390804597701149,0.5172413793103449,133
2016-01-01,63,18,15,44,0.7936507936507936,0.47619047619047616,120
2016-02-01,79,23,18,52,0.810126582278481,0.5063291139240507,132
2016-03-01,82,24,21,50,0.7804878048780488,0.47560975609756095,111
2016-04-01,80,23,16,54,0.85,0.4625,127
2016-05-02,97,29,17,62,0.845360824742268,0.5154639175257731,141
2016-06-01,61,18,13,42,0.819672131147541,0.4262295081967213,119
2016-07-01,88,26,18,61,0.7613636363636364,0.375,143
2016-08-01,95,28,17,63,0.8,0.47368421052631576,141
2016-09-01,84,25,16,57,0.8333333333333334,0.40476190476190477,125
2016-10-03,89,26,18,61,0.7415730337078652,0.3707865168539326,127
2016-11-01,86,25,19,54,0.7558139534883721,0.4069767441860465,121
2016-12-01,83,24,18,55,0.7831325301204819,0.43373493975903615,117
2017-01-02,73,21,14,50,0.8493150684931506,0.5616438356164384,112
2017-02-01,89,26,12,53,0.8202247191011236,0.47191011235955055,130
2017-03-01,62,18,11,36,0.8709677419354839,0.532258064516129,115
2017-04-03,77,23,15,49,0.8181818181818182,0.4805194805194805,118
2017-05-01,78,23,13,51,0.7435897435897436,0.4358974358974359,136
2017-06-01,84,25,13,55,0.8452380952380952,0.47619047619047616,124
2017-07-03,79,22,17,50,0.7341772151898734,0.46835443037974683,123
2017-08-01,96,27,18,58,0.8020833333333334,0.4583333333333333,137
2017-09-01,96,28,14,58,0.84375,0.5520833333333334,141
2017-10-02,98,29,18,56,0.8061224489795918,0.5510204081632653,142
2017-11-01,114,34,24,70,0.8596491228070176,0.543859649122807,159
2017-12-01,109,32,21,67,0.7706422018348624,0.5321100917431193,153
2018-01-01,88,25,18,56,0.8295454545454546,0.6022727272727273,149
2018-02-01,127,35,21,72,0.8267716535433071,0.5196850393700787,210
2018-03-01,118,35,26,70,0.7796610169491526,0.5423728813559322,179
2018-04-02,136,40,29,90,0.7573529411764706,0.5073529411764706,186
2018-05-01,120,36,28,78,0.7666666666666667,0.5333333333333333,184
2018-06-01,139,40,30,86,0.7841726618705036,0.49640287769784175,191
2018-07-02,136,38,29,89,0.7573529411764706,0.5073529411764706,186
2018-08-01,133,39,31,84,0.7819548872180451,0.5338345864661654,189
2018-09-03,140,42,26,84,0.8,0.55,187
2018-10-01,156,46,33,87,0.7628205128205128,0.5576923076923077,179
2018-11-01,171,51,38,95,0.7953216374269005,0.5730994152046783,222
2018-12-03,156,44,34,82,0.8012820512820513,0.5448717948717948,219
2019-01-01,103,27,17,67,0.8155339805825242,0.5825242718446602,199
2019-02-01,129,36,27,76,0.7984496124031008,0.5271317829457365,214
2019-03-01,154,45,35,84,0.7922077922077922,0.5454545454545454,237
2019-04-01,150,44,35,87,0.7666666666666667,0.52,242
2019-05-01,129,38,34,78,0.7829457364341085,0.5581395348837209,206
2019-06-03,154,44,34,85,0.8116883116883117,0.5454545454545454,244
2019-07-01,120,36,26,73,0.8583333333333333,0.5916666666666667,234
2019-08-01,149,41,30,82,0.8657718120805369,0.5973154362416108,264
2019-09-02,172,51,40,91,0.8604651162790697,0.5813953488372093,281
2019-10-01,176,52,41,98,0.8636363636363636,0.5738636363636364,298
2019-11-01,172,47,35,98,0.8604651162790697,0.5581395348837209,315
2019-12-02,187,56,40,101,0.8449197860962567,0.6042780748663101,291
2020-01-01,175,52,37,103,0.8285714285714286,0.5714285714285714,292
2020-02-03,217,65,48,116,0.8433179723502304,0.576036866359447,342
2020-03-02,207,61,39,113,0.855072463768116,0.5748792270531401,334
2020-04-01,233,69,57,133,0.8154506437768241,0.5793991416309013,321
2020-05-01,214,64,57,126,0.7850467289719626,0.5934579439252337,311
2020-06-01,241,72,63,127,0.8008298755186722,0.5975103734439834,359
2020-07-01,230,69,58,121,0.8173913043478261,0.5739130434782609,343
2020-08-03,246,72,64,135,0.8170731707317073,0.6178861788617886,349
2020-09-01,233,69,55,123,0.8197424892703863,0.648068669527897,350
2020-10-01,273,81,63,145,0.8058608058608059,0.5970695970695971,376
2020-11-02,239,71,57,130,0.8326359832635983,0.5941422594142259,346
2020-12-01,265,78,59,138,0.8415094339622642,0.6226415094339622,357
