cnpj8,name,event,n_bonds,pre_ratio_med,post_ratio_min,P4Q_tranche_weight_live_at_event,P4Q_entries_252d_before,P4_tranche_weight_live_at_event,P4_entries_252d_before,mean_bond_R_-63_+126_%
00194724,,2021-10-13,11,1.0114,0.8255,0.0,0,0.0,0,4.094366175352008
20247322,,2022-10-06,1,,0.8338,0.0,0,0.0,0,-16.768714596907703
00776574,Americanas,2023-01-11,3,1.00995,0.4858,0.032930474333983106,3,0.026145833333333337,3,-17.22265516775838
07737623,,2023-02-16,2,,0.6987000000000001,0.0,0,0.0,0,0.9057007584470943
09053134,Elfa,2023-03-16,1,0.9929000000000001,0.4694,0.0,1,0.05344284188034189,8,-9.634979585572404
60444437,Light SESA,2023-05-12,25,0.5617,0.4,0.0,0,0.0,0,-11.610030275055259
05303439,Unigel,2023-05-26,1,0.9976,0.6277,0.0,4,0.0,4,-36.67569674189542
13270520,Kora Saude,2023-06-22,3,0.9138,0.5788,0.020585161964472312,8,0.05074006593946668,13,-4.3665078010093
02560878,,2023-06-23,2,0.884,0.752,0.018891242937853103,2,0.015349729635443926,2,-2.305072048422364
33041260,Casas Bahia (Via),2023-06-23,6,0.9584,0.6864,0.0,0,0.02368306296877726,6,-6.563344316488995
47508411,GPA (CBD),2023-06-30,5,0.94485,0.6322,0.0,1,0.0,1,-5.5967886341807604
12528708,Aeris,2023-07-13,2,0.9285,0.5495,0.07071142459073494,17,0.05837365372572622,17,0.618291416166119
47960950,,2023-08-02,2,0.89035,0.8011,0.020585161964472312,4,0.025312715512116238,7,-2.0180413708970573
01599101,Sequoia,2023-08-18,2,0.9782500000000001,0.49950000000000006,0.0,0,0.039470762434138315,5,-24.605335266826593
41508382,,2023-10-13,1,1.0519,0.7121999999999999,0.0,5,0.04436002376603238,12,3.2435258449201387
42150391,Braskem,2023-12-05,4,0.946,0.4127,0.0,4,0.0,4,2.340670565159094
02814497,,2024-01-08,2,0.9995999999999999,0.8353,0.03631495996486925,4,0.029807458598610583,4,-5.470689941346389
10209063,Rech Agricola,2024-02-19,2,,0.5097999999999999,0.0,0,0.0,0,-14.533428511105855
61486650,Dasa,2024-05-10,9,0.9704999999999999,0.7034999999999999,0.1709938618257803,40,0.17776706801291958,56,-1.39155133270386
42771949,,2024-06-06,1,0.9429000000000001,0.7323000000000001,0.0,0,0.0349231693755428,6,-1.0298709136556157
34274233,,2024-06-13,8,1.0155,0.6990999999999999,0.0,0,0.0,0,0.9193136502182907
05917486,,2024-07-17,2,0.9536,0.748,0.019258987527512837,3,0.013071895424836605,3,-4.9614679065430405
12420164,CM Hospitalar,2024-07-18,5,0.9399,0.4495,0.0,0,0.0,0,-28.793808343968397
12104241,Oncoclinicas,2024-12-18,3,0.98,0.57,0.08977283858726631,11,0.1044539858783354,18,-28.316337721170942
41570356,Vrental,2025-06-03,2,0.9475,0.6536,0.0,0,0.04437330857522702,11,14.521837968376738
09336431,,2025-06-20,2,0.8825,0.7908,0.0,0,0.0,0,-7.387316223900392
09527023,Environmental ESG (Ambipar),2025-07-03,2,0.9549,0.6493000000000001,0.045419905774475966,9,0.039579201929652086,9,-16.969627104922502
12648266,Ambipar,2025-07-07,4,0.9682,0.6557,0.0,1,0.0,1,-6.349603233415485
00350763,,2025-08-12,1,1.0,0.6951,0.04300890363521296,5,0.037036402974487605,5,1.3180538873855436
31748174,Vero,2025-09-02,10,0.9855499999999999,0.8406999999999999,0.0,0,0.0,0,-1.2553644056675106
33042730,CSN,2025-10-22,9,0.9154500000000001,0.6385000000000001,0.0,0,0.057162109416603386,18,-12.38479052678577
07415333,Simpar,2025-10-31,7,0.9423,0.703,0.0,0,0.03101993865030675,5,-2.3555107595283515
07714104,Giga Mais Fibra,2025-12-15,7,0.9336,0.7506,0.13542815755495857,31,0.12925699811887326,33,-7.789525816066087
