cnpj8,event_date,name
00194724,2021-10-13,
00350763,2025-08-12,
00776574,2023-01-11,Americanas
01599101,2023-08-18,Sequoia
02560878,2023-06-23,
02814497,2024-01-08,
05303439,2023-05-26,Unigel
05917486,2024-07-17,
07415333,2025-10-31,Simpar
07714104,2025-12-15,Giga Mais Fibra
07737623,2023-02-16,
09053134,2023-03-16,Elfa
09336431,2025-06-20,
09527023,2025-07-03,Environmental ESG (Ambipar)
10209063,2024-02-19,Rech Agricola
12104241,2024-12-18,Oncoclinicas
12420164,2024-07-18,CM Hospitalar
12528708,2023-07-13,Aeris
12648266,2025-07-07,Ambipar
13270520,2023-06-22,Kora Saude
20247322,2022-10-06,
31748174,2025-09-02,Vero
33041260,2023-06-23,Casas Bahia (Via)
33042730,2025-10-22,CSN
34274233,2024-06-13,
41508382,2023-10-13,
41570356,2025-06-03,Vrental
42150391,2023-12-05,Braskem
42771949,2024-06-06,
47508411,2023-06-30,GPA (CBD)
47960950,2023-08-02,
61486650,2024-05-10,Dasa
60444437,2023-05-12,Light SESA
