,U,P4,P4Q,P4Q-U,t(P4Q-U),P4-U,P4Q-P4,t(P4Q-P4),P4Q_cost_%/yr,ΔU,ΔP4,ΔP4Q,ΔP4Q-U,ΔP4-U,ΔP4Q-P4
v4_base,1.102,1.89,2.218,1.116,2.409,0.788,0.329,2.275,0.368,0.0,0.0,0.0,0.0,0.0,0.0
holiday_accrual_fix,0.966,1.764,2.09,1.124,2.431,0.798,0.326,2.267,0.368,-0.136,-0.126,-0.128,0.007,0.01,-0.003
survivorship_rec40_harness,1.074,1.799,2.186,1.112,2.392,0.725,0.387,2.598,0.368,-0.028,-0.091,-0.032,-0.004,-0.063,0.058
survivorship_distress_issuers_rec40,1.051,1.818,2.148,1.097,2.28,0.767,0.33,2.262,0.368,-0.051,-0.072,-0.07,-0.02,-0.021,0.002
survivorship_harsh_all_stopped_lt98_rec40,0.947,1.39,1.834,0.887,1.779,0.442,0.445,2.16,0.368,-0.155,-0.5,-0.384,-0.229,-0.346,0.116
raw_prints_no_spike_cleaning_at_execution,1.1,1.903,2.23,1.13,2.478,0.803,0.327,2.291,0.357,-0.002,0.013,0.012,0.013,0.015,-0.002
exit_only_at_real_trade,1.095,1.95,2.268,1.173,2.503,0.855,0.318,2.044,0.368,-0.007,0.06,0.05,0.056,0.067,-0.01
entry_latency_+1d,1.08,1.899,2.231,1.152,2.446,0.82,0.332,2.346,0.368,-0.022,0.009,0.013,0.035,0.032,0.004
entry_latency_+5d,1.003,1.838,2.138,1.134,2.542,0.834,0.3,2.157,0.368,-0.098,-0.052,-0.08,0.018,0.046,-0.029
cost_flat_50,0.885,1.535,1.837,0.952,2.034,0.65,0.302,2.095,0.736,-0.216,-0.354,-0.381,-0.165,-0.138,-0.027
cost_liq_institutional,0.466,1.152,1.407,0.941,2.034,0.686,0.255,1.747,1.151,-0.636,-0.738,-0.811,-0.175,-0.102,-0.074
cost_anbima_bidask,0.519,1.103,1.372,0.853,1.839,0.584,0.269,1.846,1.186,-0.583,-0.787,-0.847,-0.264,-0.204,-0.06
cost_snd_intraday_range,0.674,1.779,2.108,1.433,3.291,1.105,0.329,2.169,0.475,-0.427,-0.111,-0.11,0.317,0.317,0.0
exec_worst_of_day_buy_max_sell_min,-0.874,0.864,1.309,2.183,5.022,1.737,0.445,2.737,1.246,-1.975,-1.026,-0.909,1.066,0.95,0.117
fundamentals_P4Q_lag90,1.102,1.89,2.15,1.049,2.374,0.788,0.261,2.003,0.37,0.0,0.0,-0.068,-0.068,0.0,-0.068
fundamentals_P4Q_nobrapi,1.102,1.89,2.214,1.112,2.426,0.788,0.324,2.352,0.37,0.0,0.0,-0.004,-0.004,0.0,-0.004
fundamentals_P4Q_lag90_nobrapi,1.102,1.89,2.212,1.11,2.501,0.788,0.322,2.251,0.371,0.0,0.0,-0.007,-0.007,0.0,-0.007
fundamentals_P4Q_nonstrict,1.102,1.89,2.208,1.107,2.413,0.788,0.319,2.18,0.37,0.0,0.0,-0.01,-0.01,0.0,-0.01
