cut,rich,press,q,P4-U,P4Q-U
0.2,,True,0.1,1.0199,1.1807
0.2,,True,0.2,1.0199,1.3782
0.2,,True,0.3,1.0199,1.6026
0.2,,False,0.1,0.8107,0.8848
0.2,,False,0.2,0.8107,1.2152
0.2,,False,0.3,0.8107,1.4094
0.2,-1.0,True,0.1,1.0327,1.1949
0.2,-1.0,True,0.2,1.0327,1.3945
0.2,-1.0,True,0.3,1.0327,1.6181
0.2,-1.0,False,0.1,0.8094,0.8834
0.2,-1.0,False,0.2,0.8094,1.2173
0.2,-1.0,False,0.3,0.8094,1.4098
0.2,-1.5,True,0.1,1.03,1.1915
0.2,-1.5,True,0.2,1.03,1.3907
0.2,-1.5,True,0.3,1.03,1.6168
0.2,-1.5,False,0.1,0.8094,0.8829
0.2,-1.5,False,0.2,0.8094,1.216
0.2,-1.5,False,0.3,0.8094,1.41
0.2,-2.0,True,0.1,1.032,1.1936
0.2,-2.0,True,0.2,1.032,1.3933
0.2,-2.0,True,0.3,1.032,1.6198
0.2,-2.0,False,0.1,0.8118,0.8857
0.2,-2.0,False,0.2,0.8118,1.2194
0.2,-2.0,False,0.3,0.8118,1.4135
0.3,,True,0.1,0.7781,0.9162
0.3,,True,0.2,0.7781,1.1079
0.3,,True,0.3,0.7781,1.2857
0.3,,False,0.1,0.6863,0.7723
0.3,,False,0.2,0.6863,1.0167
0.3,,False,0.3,0.6863,1.1564
0.3,-1.0,True,0.1,0.789,0.9256
0.3,-1.0,True,0.2,0.789,1.1184
0.3,-1.0,True,0.3,0.789,1.2969
0.3,-1.0,False,0.1,0.6902,0.7754
0.3,-1.0,False,0.2,0.6902,1.0219
0.3,-1.0,False,0.3,0.6902,1.1614
0.3,-1.5,True,0.1,0.7879,0.9242
0.3,-1.5,True,0.2,0.7879,1.1165
0.3,-1.5,True,0.3,0.7879,1.2953
0.3,-1.5,False,0.1,0.6853,0.7694
0.3,-1.5,False,0.2,0.6853,1.0148
0.3,-1.5,False,0.3,0.6853,1.1546
0.3,-2.0,True,0.1,0.7883,0.9277
0.3,-2.0,True,0.2,0.7883,1.1207
0.3,-2.0,True,0.3,0.7883,1.3001
0.3,-2.0,False,0.1,0.6872,0.7734
0.3,-2.0,False,0.2,0.6872,1.0195
0.3,-2.0,False,0.3,0.6872,1.1597
0.4,,True,0.1,0.6741,0.7766
0.4,,True,0.2,0.6741,0.94
0.4,,True,0.3,0.6741,1.0709
0.4,,False,0.1,0.5972,0.6606
0.4,,False,0.2,0.5972,0.8489
0.4,,False,0.3,0.5972,0.9525
0.4,-1.0,True,0.1,0.6828,0.7846
0.4,-1.0,True,0.2,0.6828,0.9483
0.4,-1.0,True,0.3,0.6828,1.0809
0.4,-1.0,False,0.1,0.6031,0.6665
0.4,-1.0,False,0.2,0.6031,0.8554
0.4,-1.0,False,0.3,0.6031,0.9603
0.4,-1.5,True,0.1,0.6828,0.7842
0.4,-1.5,True,0.2,0.6828,0.9471
0.4,-1.5,True,0.3,0.6828,1.0795
0.4,-1.5,False,0.1,0.5983,0.6607
0.4,-1.5,False,0.2,0.5983,0.8482
0.4,-1.5,False,0.3,0.5983,0.9523
0.4,-2.0,True,0.1,0.6839,0.7877
0.4,-2.0,True,0.2,0.6839,0.9512
0.4,-2.0,True,0.3,0.6839,1.0838
0.4,-2.0,False,0.1,0.5997,0.6635
0.4,-2.0,False,0.2,0.5997,0.8524
0.4,-2.0,False,0.3,0.5997,0.9566
