,excess_ann_%,vol_%,sharpe,max_dd_%,worst_week_%,vs_bench_ann_%,info_ratio,turnover_wk_pct,avg_bonds
U0 Universo: compra e segura,-0.127,1.568,-0.081,-3.689,-0.888,0.0,,2.828,1132.806
U1 Segura + sai se spread abre >100bps/4s,-0.501,1.416,-0.354,-4.015,-0.902,-0.378,-1.203,5.465,938.745
U2 Segura + sai com notícia ruim (CVM),-0.062,1.331,-0.047,-3.098,-0.835,0.061,0.161,5.44,866.482
U3 Segura + sai spread OU notícia,-0.275,1.176,-0.234,-3.086,-0.839,-0.154,-0.281,7.325,733.259
U4 U3 + não compra emissor c/ distress 90d,-0.252,1.176,-0.214,-3.064,-0.844,-0.131,-0.239,7.22,731.992
U5 Segura + sai se ML(sem notícia) risco top 5%,-0.058,1.303,-0.045,-2.958,-0.739,0.065,0.178,4.151,1037.891
U6 Segura + sai se ML(com notícia) risco top 5%,-0.031,1.294,-0.024,-2.951,-0.729,0.092,0.243,4.195,1036.3
"C0 Carry alto (top 30% CDI+), segura",0.288,1.545,0.187,-3.65,-0.979,0.414,0.808,2.741,645.51
C1 Carry alto + sai spread/notícia,0.254,1.308,0.194,-3.413,-1.234,0.377,0.461,8.108,323.085
RV1 Barato vs pares (z≥1.5) → vende no justo,0.037,1.601,0.023,-3.878,-1.134,0.164,0.166,20.538,183.729
RV2 RV1 só sem notícia,-0.156,1.641,-0.095,-4.77,-1.336,-0.028,-0.026,24.906,147.328
RV3 Barato COM notícia recente (diagnóstico),0.529,1.818,0.291,-3.182,-1.024,0.659,0.476,13.102,95.069
RV4 Caro vs pares (z≤−1.5) (diagnóstico),-4.854,3.019,-1.607,-21.988,-1.579,-4.813,-2.547,17.026,76.445
MR1 Spread alto vs próprio histórico → vende na média,-0.19,1.709,-0.111,-3.696,-1.14,-0.062,-0.052,27.923,217.571
MR2 MR1 só sem notícia,-0.155,1.673,-0.092,-3.809,-1.052,-0.026,-0.022,29.263,173.223
D1 Deslocado (pares z≥1 e histórico z≥1) sem notícia,-1.397,2.493,-0.56,-9.838,-1.849,-1.261,-0.579,50.239,54.684
ML1 Ridge sem notícia (top20/sai>50%),0.355,1.436,0.247,-3.283,-0.905,0.479,0.38,14.785,222.567
ML2 Ridge com notícia (top20/sai>50%),0.41,1.451,0.283,-3.606,-0.995,0.534,0.425,15.284,223.393
ML3 Ridge c/ notícia + saída por notícia ruim,0.724,1.349,0.537,-2.971,-0.947,0.845,0.636,16.812,128.567
U0 +regime momentum,0.528,1.364,0.387,-3.066,-0.637,0.651,0.852,2.828,1132.806
U0 +regime momentum&notícias,0.462,1.31,0.353,-3.023,-0.637,0.584,0.683,2.828,1132.806
U3 +regime momentum,0.343,0.977,0.351,-2.164,-0.429,0.461,0.507,7.325,733.259
U3 +regime momentum&notícias,0.258,0.938,0.275,-2.196,-0.429,0.377,0.385,7.325,733.259
ML3 +regime momentum,0.98,1.197,0.819,-2.604,-0.947,1.097,0.805,16.812,128.567
ML3 +regime momentum&notícias,0.783,1.155,0.677,-2.763,-0.947,0.901,0.644,16.812,128.567
